index,Country,Happiness_Rank,Year,Happiness_Score,Economy(GDP_per_Capita),Family,Health(Life_Expectancy),Freedom,Trust(Government_Corruption),Generosity
0,Switzerland,1,2015,7.587,1.39651,1.34951,0.94143,0.66557,0.41978,0.29678
1,Iceland,2,2015,7.561,1.30232,1.40223,0.94784,0.62877,0.14145,0.4363
2,Denmark,3,2015,7.527,1.32548,1.36058,0.87464,0.64938,0.48357,0.34139
3,Norway,4,2015,7.522,1.459,1.33095,0.88521,0.66973,0.36503,0.34699
4,Canada,5,2015,7.427,1.32629,1.32261,0.90563,0.63297,0.32957,0.45811
5,Finland,6,2015,7.406,1.29025,1.31826,0.88911,0.64169,0.41372,0.23351
6,Netherlands,7,2015,7.378,1.32944,1.28017,0.89284,0.61576,0.31814,0.4761
7,Sweden,8,2015,7.364,1.33171,1.28907,0.91087,0.6598,0.43844,0.36262
8,New Zealand,9,2015,7.286,1.25018,1.31967,0.90837,0.63938,0.42922,0.47501
9,Australia,10,2015,7.284,1.33358,1.30923,0.93156,0.65124,0.35637,0.43562
10,Israel,11,2015,7.278,1.22857,1.22393,0.91387,0.41319,0.07785,0.33172
11,Costa Rica,12,2015,7.226,0.95578,1.23788,0.86027,0.63376,0.10583,0.25497
12,Austria,13,2015,7.2,1.33723,1.29704,0.89042,0.62433,0.18676,0.33088
13,Mexico,14,2015,7.187,1.02054,0.91451,0.81444,0.48181,0.21312,0.14074
14,United States,15,2015,7.119,1.39451,1.24711,0.86179,0.54604,0.1589,0.40105
15,Brazil,16,2015,6.983,0.98124,1.23287,0.69702,0.49049,0.17521,0.14574
16,Luxembourg,17,2015,6.946,1.56391,1.21963,0.91894,0.61583,0.37798,0.28034
17,Ireland,18,2015,6.94,1.33596,1.36948,0.89533,0.61777,0.28703,0.45901
18,Belgium,19,2015,6.937,1.30782,1.28566,0.89667,0.5845,0.2254,0.2225
19,United Arab Emirates,20,2015,6.901,1.42727,1.12575,0.80925,0.64157,0.38583,0.26428
20,United Kingdom,21,2015,6.867,1.26637,1.28548,0.90943,0.59625,0.32067,0.51912
21,Oman,22,2015,6.853,1.36011,1.08182,0.76276,0.63274,0.32524,0.21542
22,Venezuela,23,2015,6.81,1.04424,1.25596,0.72052,0.42908,0.11069,0.05841
23,Singapore,24,2015,6.798,1.52186,1.02,1.02525,0.54252,0.4921,0.31105
24,Panama,25,2015,6.786,1.06353,1.1985,0.79661,0.5421,0.0927,0.24434
25,Germany,26,2015,6.75,1.32792,1.29937,0.89186,0.61477,0.21843,0.28214
26,Chile,27,2015,6.67,1.10715,1.12447,0.85857,0.44132,0.12869,0.33363
27,Qatar,28,2015,6.611,1.69042,1.0786,0.79733,0.6404,0.52208,0.32573
28,France,29,2015,6.575,1.27778,1.26038,0.94579,0.55011,0.20646,0.12332
29,Argentina,30,2015,6.574,1.05351,1.24823,0.78723,0.44974,0.08484,0.11451
30,Czech Republic,31,2015,6.505,1.17898,1.20643,0.84483,0.46364,0.02652,0.10686
31,Uruguay,32,2015,6.485,1.06166,1.2089,0.8116,0.60362,0.24558,0.2324
32,Colombia,33,2015,6.477,0.91861,1.24018,0.69077,0.53466,0.0512,0.18401
33,Thailand,34,2015,6.455,0.9669,1.26504,0.7385,0.55664,0.03187,0.5763
34,Saudi Arabia,35,2015,6.411,1.39541,1.08393,0.72025,0.31048,0.32524,0.13706
35,Spain,36,2015,6.329,1.23011,1.31379,0.95562,0.45951,0.06398,0.18227
36,Malta,37,2015,6.302,1.2074,1.30203,0.88721,0.60365,0.13586,0.51752
37,Taiwan,38,2015,6.298,1.29098,1.07617,0.8753,0.3974,0.08129,0.25376
38,Kuwait,39,2015,6.295,1.55422,1.16594,0.72492,0.55499,0.25609,0.16228
39,Suriname,40,2015,6.269,0.99534,0.972,0.6082,0.59657,0.13633,0.16991
40,Trinidad and Tobago,41,2015,6.168,1.21183,1.18354,0.61483,0.55884,0.0114,0.31844
41,El Salvador,42,2015,6.13,0.76454,1.02507,0.67737,0.4035,0.11776,0.10692
42,Guatemala,43,2015,6.123,0.74553,1.04356,0.64425,0.57733,0.09472,0.27489
43,Uzbekistan,44,2015,6.003,0.63244,1.34043,0.59772,0.65821,0.30826,0.22837
44,Slovakia,45,2015,5.995,1.16891,1.26999,0.78902,0.31751,0.03431,0.16893
45,Japan,46,2015,5.987,1.27074,1.25712,0.99111,0.49615,0.1806,0.10705
46,South Korea,47,2015,5.984,1.24461,0.95774,0.96538,0.33208,0.07857,0.18557
47,Ecuador,48,2015,5.975,0.86402,0.99903,0.79075,0.48574,0.1809,0.11541
48,Bahrain,49,2015,5.96,1.32376,1.21624,0.74716,0.45492,0.306,0.17362
49,Italy,50,2015,5.948,1.25114,1.19777,0.95446,0.26236,0.02901,0.22823
50,Bolivia,51,2015,5.89,0.68133,0.97841,0.5392,0.57414,0.088,0.20536
51,Moldova,52,2015,5.889,0.59448,1.01528,0.61826,0.32818,0.01615,0.20951
52,Paraguay,53,2015,5.878,0.75985,1.30477,0.66098,0.53899,0.08242,0.3424
53,Kazakhstan,54,2015,5.855,1.12254,1.12241,0.64368,0.51649,0.08454,0.11827
54,Slovenia,55,2015,5.848,1.18498,1.27385,0.87337,0.60855,0.03787,0.25328
55,Lithuania,56,2015,5.833,1.14723,1.25745,0.73128,0.21342,0.01031,0.02641
56,Nicaragua,57,2015,5.828,0.59325,1.14184,0.74314,0.55475,0.19317,0.27815
57,Peru,58,2015,5.824,0.90019,0.97459,0.73017,0.41496,0.05989,0.14982
58,Belarus,59,2015,5.813,1.03192,1.23289,0.73608,0.37938,0.1909,0.11046
59,Poland,60,2015,5.791,1.12555,1.27948,0.77903,0.53122,0.04212,0.16759
60,Malaysia,61,2015,5.77,1.12486,1.07023,0.72394,0.53024,0.10501,0.33075
61,Croatia,62,2015,5.759,1.08254,0.79624,0.78805,0.25883,0.0243,0.05444
62,Libya,63,2015,5.754,1.13145,1.11862,0.7038,0.41668,0.11023,0.18295
63,Russia,64,2015,5.716,1.13764,1.23617,0.66926,0.36679,0.03005,0.00199
64,Jamaica,65,2015,5.709,0.81038,1.15102,0.68741,0.50442,0.02299,0.2123
65,North Cyprus,66,2015,5.695,1.20806,1.07008,0.92356,0.49027,0.1428,0.26169
66,Cyprus,67,2015,5.689,1.20813,0.89318,0.92356,0.40672,0.06146,0.30638
67,Algeria,68,2015,5.605,0.93929,1.07772,0.61766,0.28579,0.17383,0.07822
68,Kosovo,69,2015,5.589,0.80148,0.81198,0.63132,0.24749,0.04741,0.2831
69,Turkmenistan,70,2015,5.548,0.95847,1.22668,0.53886,0.4761,0.30844,0.16979
70,Mauritius,71,2015,5.477,1.00761,0.98521,0.7095,0.56066,0.07521,0.37744
71,Hong Kong,72,2015,5.474,1.38604,1.05818,1.01328,0.59608,0.37124,0.39478
72,Estonia,73,2015,5.429,1.15174,1.22791,0.77361,0.44888,0.15184,0.0868
73,Indonesia,74,2015,5.399,0.82827,1.08708,0.63793,0.46611,0,0.51535
74,Vietnam,75,2015,5.36,0.63216,0.91226,0.74676,0.59444,0.10441,0.1686
75,Turkey,76,2015,5.332,1.06098,0.94632,0.73172,0.22815,0.15746,0.12253
76,Kyrgyzstan,77,2015,5.286,0.47428,1.15115,0.65088,0.43477,0.04232,0.3003
77,Nigeria,78,2015,5.268,0.65435,0.90432,0.16007,0.34334,0.0403,0.27233
78,Bhutan,79,2015,5.253,0.77042,1.10395,0.57407,0.53206,0.15445,0.47998
79,Azerbaijan,80,2015,5.212,1.02389,0.93793,0.64045,0.3703,0.16065,0.07799
80,Pakistan,81,2015,5.194,0.59543,0.41411,0.51466,0.12102,0.10464,0.33671
81,Jordan,82,2015,5.192,0.90198,1.05392,0.69639,0.40661,0.14293,0.11053
82,Montenegro,82,2015,5.192,0.97438,0.90557,0.72521,0.1826,0.14296,0.1614
83,China,84,2015,5.14,0.89012,0.94675,0.81658,0.51697,0.02781,0.08185
84,Zambia,85,2015,5.129,0.47038,0.91612,0.29924,0.48827,0.12468,0.19591
85,Romania,86,2015,5.124,1.04345,0.88588,0.7689,0.35068,0.00649,0.13748
86,Serbia,87,2015,5.123,0.92053,1.00964,0.74836,0.20107,0.02617,0.19231
87,Portugal,88,2015,5.102,1.15991,1.13935,0.87519,0.51469,0.01078,0.13719
88,Latvia,89,2015,5.098,1.11312,1.09562,0.72437,0.29671,0.06332,0.18226
89,Philippines,90,2015,5.073,0.70532,1.03516,0.58114,0.62545,0.12279,0.24991
90,Somaliland region,91,2015,5.057,0.18847,0.95152,0.43873,0.46582,0.39928,0.50318
91,Morocco,92,2015,5.013,0.73479,0.64095,0.60954,0.41691,0.08546,0.07172
92,Macedonia,93,2015,5.007,0.91851,1.00232,0.73545,0.33457,0.05327,0.22359
93,Mozambique,94,2015,4.971,0.08308,1.02626,0.09131,0.34037,0.15603,0.22269
94,Albania,95,2015,4.959,0.87867,0.80434,0.81325,0.35733,0.06413,0.14272
95,Bosnia and Herzegovina,96,2015,4.949,0.83223,0.91916,0.79081,0.09245,0.00227,0.24808
96,Lesotho,97,2015,4.898,0.37545,1.04103,0.07612,0.31767,0.12504,0.16388
97,Dominican Republic,98,2015,4.885,0.89537,1.17202,0.66825,0.57672,0.14234,0.21684
98,Laos,99,2015,4.876,0.59066,0.73803,0.54909,0.59591,0.24249,0.42192
99,Mongolia,100,2015,4.874,0.82819,1.3006,0.60268,0.43626,0.02666,0.3323
100,Swaziland,101,2015,4.867,0.71206,1.07284,0.07566,0.30658,0.0306,0.18259
101,Greece,102,2015,4.857,1.15406,0.92933,0.88213,0.07699,0.01397,0
102,Lebanon,103,2015,4.839,1.02564,0.80001,0.83947,0.33916,0.04582,0.21854
103,Hungary,104,2015,4.8,1.12094,1.20215,0.75905,0.32112,0.02758,0.128
104,Honduras,105,2015,4.788,0.59532,0.95348,0.6951,0.40148,0.06825,0.23027
105,Tajikistan,106,2015,4.786,0.39047,0.85563,0.57379,0.47216,0.15072,0.22974
106,Tunisia,107,2015,4.739,0.88113,0.60429,0.73793,0.26268,0.06358,0.06431
107,Palestinian Territories,108,2015,4.715,0.59867,0.92558,0.66015,0.24499,0.12905,0.11251
108,Bangladesh,109,2015,4.694,0.39753,0.43106,0.60164,0.4082,0.12569,0.21222
109,Iran,110,2015,4.686,1.0088,0.54447,0.69805,0.30033,0.05863,0.38086
110,Ukraine,111,2015,4.681,0.79907,1.20278,0.6739,0.25123,0.02961,0.15275
111,Iraq,112,2015,4.677,0.98549,0.81889,0.60237,0,0.13788,0.17922
112,South Africa,113,2015,4.642,0.92049,1.18468,0.27688,0.33207,0.08884,0.11973
113,Ghana,114,2015,4.633,0.54558,0.67954,0.40132,0.42342,0.04355,0.23087
114,Zimbabwe,115,2015,4.61,0.271,1.03276,0.33475,0.25861,0.08079,0.18987
115,Liberia,116,2015,4.571,0.0712,0.78968,0.34201,0.28531,0.06232,0.24362
116,India,117,2015,4.565,0.64499,0.38174,0.51529,0.39786,0.08492,0.26475
117,Sudan,118,2015,4.55,0.52107,1.01404,0.36878,0.10081,0.1466,0.19062
118,Haiti,119,2015,4.518,0.26673,0.74302,0.38847,0.24425,0.17175,0.46187
119,Congo (Kinshasa),120,2015,4.517,0,1.0012,0.09806,0.22605,0.07625,0.24834
120,Nepal,121,2015,4.514,0.35997,0.86449,0.56874,0.38282,0.05907,0.32296
121,Ethiopia,122,2015,4.512,0.19073,0.60406,0.44055,0.4345,0.15048,0.24325
122,Sierra Leone,123,2015,4.507,0.33024,0.95571,0,0.4084,0.08786,0.21488
123,Mauritania,124,2015,4.436,0.45407,0.86908,0.35874,0.24232,0.17461,0.219
124,Kenya,125,2015,4.419,0.36471,0.99876,0.41435,0.42215,0.05839,0.37542
125,Djibouti,126,2015,4.369,0.44025,0.59207,0.36291,0.46074,0.28105,0.18093
126,Armenia,127,2015,4.35,0.76821,0.77711,0.7299,0.19847,0.039,0.07855
127,Botswana,128,2015,4.332,0.99355,1.10464,0.04776,0.49495,0.12474,0.10461
128,Myanmar,129,2015,4.307,0.27108,0.70905,0.48246,0.44017,0.19034,0.79588
129,Georgia,130,2015,4.297,0.7419,0.38562,0.72926,0.40577,0.38331,0.05547
130,Malawi,131,2015,4.292,0.01604,0.41134,0.22562,0.43054,0.06977,0.33128
131,Sri Lanka,132,2015,4.271,0.83524,1.01905,0.70806,0.53726,0.09179,0.40828
132,Cameroon,133,2015,4.252,0.4225,0.88767,0.23402,0.49309,0.05786,0.20618
133,Bulgaria,134,2015,4.218,1.01216,1.10614,0.76649,0.30587,0.00872,0.11921
134,Egypt,135,2015,4.194,0.8818,0.747,0.61712,0.17288,0.06324,0.11291
135,Yemen,136,2015,4.077,0.54649,0.68093,0.40064,0.35571,0.07854,0.09131
136,Angola,137,2015,4.033,0.75778,0.8604,0.16683,0.10384,0.07122,0.12344
137,Mali,138,2015,3.995,0.26074,1.03526,0.20583,0.38857,0.12352,0.18798
138,Congo (Brazzaville),139,2015,3.989,0.67866,0.6629,0.31051,0.41466,0.11686,0.12388
139,Comoros,140,2015,3.956,0.23906,0.79273,0.36315,0.22917,0.199,0.17441
140,Uganda,141,2015,3.931,0.21102,1.13299,0.33861,0.45727,0.07267,0.29066
141,Senegal,142,2015,3.904,0.36498,0.97619,0.4354,0.36772,0.10713,0.20843
142,Gabon,143,2015,3.896,1.06024,0.90528,0.43372,0.31914,0.11091,0.06822
143,Niger,144,2015,3.845,0.0694,0.77265,0.29707,0.47692,0.15639,0.19387
144,Cambodia,145,2015,3.819,0.46038,0.62736,0.61114,0.66246,0.07247,0.40359
145,Tanzania,146,2015,3.781,0.2852,1.00268,0.38215,0.32878,0.05747,0.34377
146,Madagascar,147,2015,3.681,0.20824,0.66801,0.46721,0.19184,0.08124,0.21333
147,Central African Republic,148,2015,3.678,0.0785,0,0.06699,0.48879,0.08289,0.23835
148,Chad,149,2015,3.667,0.34193,0.76062,0.1501,0.23501,0.05269,0.18386
149,Guinea,150,2015,3.656,0.17417,0.46475,0.24009,0.37725,0.12139,0.28657
150,Ivory Coast,151,2015,3.655,0.46534,0.77115,0.15185,0.46866,0.17922,0.20165
151,Burkina Faso,152,2015,3.587,0.25812,0.85188,0.27125,0.39493,0.12832,0.21747
152,Afghanistan,153,2015,3.575,0.31982,0.30285,0.30335,0.23414,0.09719,0.3651
153,Rwanda,154,2015,3.465,0.22208,0.7737,0.42864,0.59201,0.55191,0.22628
154,Benin,155,2015,3.34,0.28665,0.35386,0.3191,0.4845,0.0801,0.1826
155,Syria,156,2015,3.006,0.6632,0.47489,0.72193,0.15684,0.18906,0.47179
156,Burundi,157,2015,2.905,0.0153,0.41587,0.22396,0.1185,0.10062,0.19727
157,Togo,158,2015,2.839,0.20868,0.13995,0.28443,0.36453,0.10731,0.16681
158,Denmark,1,2016,7.526,1.44178,1.16374,0.79504,0.57941,0.44453,0.36171
159,Switzerland,2,2016,7.509,1.52733,1.14524,0.86303,0.58557,0.41203,0.28083
160,Iceland,3,2016,7.501,1.42666,1.18326,0.86733,0.56624,0.14975,0.47678
161,Norway,4,2016,7.498,1.57744,1.1269,0.79579,0.59609,0.35776,0.37895
162,Finland,5,2016,7.413,1.40598,1.13464,0.81091,0.57104,0.41004,0.25492
163,Canada,6,2016,7.404,1.44015,1.0961,0.8276,0.5737,0.31329,0.44834
164,Netherlands,7,2016,7.339,1.46468,1.02912,0.81231,0.55211,0.29927,0.47416
165,New Zealand,8,2016,7.334,1.36066,1.17278,0.83096,0.58147,0.41904,0.49401
166,Australia,9,2016,7.313,1.44443,1.10476,0.8512,0.56837,0.32331,0.47407
167,Sweden,10,2016,7.291,1.45181,1.08764,0.83121,0.58218,0.40867,0.38254
168,Israel,11,2016,7.267,1.33766,0.99537,0.84917,0.36432,0.08728,0.32288
169,Austria,12,2016,7.119,1.45038,1.08383,0.80565,0.54355,0.21348,0.32865
170,United States,13,2016,7.104,1.50796,1.04782,0.779,0.48163,0.14868,0.41077
171,Costa Rica,14,2016,7.087,1.06879,1.02152,0.76146,0.55225,0.10547,0.22553
172,Puerto Rico,15,2016,7.039,1.35943,1.08113,0.77758,0.46823,0.12275,0.22202
173,Germany,16,2016,6.994,1.44787,1.09774,0.81487,0.53466,0.28551,0.30452
174,Brazil,17,2016,6.952,1.08754,1.03938,0.61415,0.40425,0.14166,0.15776
175,Belgium,18,2016,6.929,1.42539,1.05249,0.81959,0.51354,0.26248,0.2424
176,Ireland,19,2016,6.907,1.48341,1.16157,0.81455,0.54008,0.29754,0.44963
177,Luxembourg,20,2016,6.871,1.69752,1.03999,0.84542,0.5487,0.35329,0.27571
178,Mexico,21,2016,6.778,1.11508,0.7146,0.71143,0.37709,0.18355,0.11735
179,Singapore,22,2016,6.739,1.64555,0.86758,0.94719,0.4877,0.46987,0.32706
180,United Kingdom,23,2016,6.725,1.40283,1.08672,0.80991,0.50036,0.27399,0.50156
181,Chile,24,2016,6.705,1.2167,0.90587,0.81883,0.37789,0.11451,0.31595
182,Panama,25,2016,6.701,1.18306,0.98912,0.70835,0.48927,0.08423,0.2418
183,Argentina,26,2016,6.65,1.15137,1.06612,0.69711,0.42284,0.07296,0.10989
184,Czech Republic,27,2016,6.596,1.30915,1.00793,0.76376,0.41418,0.03986,0.09929
185,United Arab Emirates,28,2016,6.573,1.57352,0.87114,0.72993,0.56215,0.35561,0.26591
186,Uruguay,29,2016,6.545,1.18157,1.03143,0.72183,0.54388,0.21394,0.18056
187,Malta,30,2016,6.488,1.30782,1.09879,0.80315,0.54994,0.17554,0.56237
188,Colombia,31,2016,6.481,1.03032,1.02169,0.59659,0.44735,0.05399,0.15626
189,France,32,2016,6.478,1.39488,1.00508,0.83795,0.46562,0.17808,0.1216
190,Thailand,33,2016,6.474,1.0893,1.04477,0.64915,0.49553,0.02833,0.58696
191,Saudi Arabia,34,2016,6.379,1.48953,0.84829,0.59267,0.37904,0.30008,0.15457
192,Taiwan,34,2016,6.379,1.39729,0.92624,0.79565,0.32377,0.0663,0.25495
193,Qatar,36,2016,6.375,1.82427,0.87964,0.71723,0.56679,0.48049,0.32388
194,Spain,37,2016,6.361,1.34253,1.12945,0.87896,0.37545,0.06137,0.17665
195,Algeria,38,2016,6.355,1.05266,0.83309,0.61804,0.21006,0.16157,0.07044
196,Guatemala,39,2016,6.324,0.83454,0.87119,0.54039,0.50379,0.08701,0.28808
197,Suriname,40,2016,6.269,1.09686,0.77866,0.50933,0.52234,0.12692,0.16665
198,Kuwait,41,2016,6.239,1.61714,0.87758,0.63569,0.43166,0.23669,0.15965
199,Bahrain,42,2016,6.218,1.44024,0.94397,0.65696,0.47375,0.25772,0.17147
200,Trinidad and Tobago,43,2016,6.168,1.32572,0.98569,0.52608,0.48453,0.01241,0.31935
201,Venezuela,44,2016,6.084,1.13367,1.03302,0.61904,0.19847,0.08304,0.0425
202,Slovakia,45,2016,6.078,1.27973,1.08268,0.70367,0.23391,0.02947,0.13837
203,El Salvador,46,2016,6.068,0.8737,0.80975,0.596,0.37269,0.10613,0.08877
204,Malaysia,47,2016,6.005,1.25142,0.88025,0.62366,0.39031,0.09081,0.41474
205,Nicaragua,48,2016,5.992,0.69384,0.89521,0.65213,0.46582,0.16292,0.29773
206,Uzbekistan,49,2016,5.987,0.73591,1.1681,0.50163,0.60848,0.28333,0.34326
207,Italy,50,2016,5.977,1.35495,1.04167,0.85102,0.18827,0.02556,0.16684
208,Ecuador,51,2016,5.976,0.97306,0.85974,0.68613,0.4027,0.18037,0.10074
209,Belize,52,2016,5.956,0.87616,0.68655,0.45569,0.51231,0.10771,0.23684
210,Japan,53,2016,5.921,1.38007,1.06054,0.91491,0.46761,0.18985,0.10224
211,Kazakhstan,54,2016,5.919,1.22943,0.95544,0.57386,0.4052,0.11132,0.15011
212,Moldova,55,2016,5.897,0.69177,0.83132,0.52309,0.25202,0.01903,0.19997
213,Russia,56,2016,5.856,1.23228,1.05261,0.58991,0.32682,0.03586,0.02736
214,Poland,57,2016,5.835,1.24585,1.04685,0.69058,0.4519,0.055,0.14443
215,South Korea,57,2016,5.835,1.35948,0.72194,0.88645,0.25168,0.07716,0.18824
216,Bolivia,59,2016,5.822,0.79422,0.83779,0.4697,0.50961,0.07746,0.21698
217,Lithuania,60,2016,5.813,1.2692,1.06411,0.64674,0.18929,0.0182,0.02025
218,Belarus,61,2016,5.802,1.13062,1.04993,0.63104,0.29091,0.17457,0.13942
219,North Cyprus,62,2016,5.771,1.31141,0.81826,0.84142,0.43596,0.16578,0.26322
220,Slovenia,63,2016,5.768,1.29947,1.05613,0.79151,0.53164,0.03635,0.25738
221,Peru,64,2016,5.743,0.99602,0.81255,0.62994,0.37502,0.05292,0.14527
222,Turkmenistan,65,2016,5.658,1.08017,1.03817,0.44006,0.37408,0.28467,0.22567
223,Mauritius,66,2016,5.648,1.14372,0.75695,0.66189,0.46145,0.05203,0.36951
224,Libya,67,2016,5.615,1.06688,0.95076,0.52304,0.40672,0.10339,0.17087
225,Latvia,68,2016,5.56,1.21788,0.95025,0.63952,0.27996,0.0889,0.17445
226,Cyprus,69,2016,5.546,1.31857,0.70697,0.8488,0.29507,0.05228,0.27906
227,Paraguay,70,2016,5.538,0.89373,1.11111,0.58295,0.46235,0.07396,0.25296
228,Romania,71,2016,5.528,1.1697,0.72803,0.67602,0.36712,0.00679,0.12889
229,Estonia,72,2016,5.517,1.27964,1.05163,0.68098,0.41511,0.18519,0.08423
230,Jamaica,73,2016,5.51,0.89333,0.96372,0.59469,0.43597,0.04294,0.22245
231,Croatia,74,2016,5.488,1.18649,0.60809,0.70524,0.23907,0.04002,0.18434
232,Hong Kong,75,2016,5.458,1.5107,0.87021,0.95277,0.48079,0.31647,0.40097
233,Somalia,76,2016,5.44,0,0.33613,0.11466,0.56778,0.3118,0.27225
234,Kosovo,77,2016,5.401,0.90145,0.66062,0.54,0.14396,0.06547,0.27992
235,Turkey,78,2016,5.389,1.16492,0.87717,0.64718,0.23889,0.12348,0.04707
236,Indonesia,79,2016,5.314,0.95104,0.87625,0.49374,0.39237,0.00322,0.56521
237,Jordan,80,2016,5.303,0.99673,0.86216,0.60712,0.36023,0.13297,0.14262
238,Azerbaijan,81,2016,5.291,1.12373,0.76042,0.54504,0.35327,0.17914,0.0564
239,Philippines,82,2016,5.279,0.81217,0.87877,0.47036,0.54854,0.11757,0.21674
240,China,83,2016,5.245,1.0278,0.79381,0.73561,0.44012,0.02745,0.04959
241,Bhutan,84,2016,5.196,0.8527,0.90836,0.49759,0.46074,0.1616,0.48546
242,Kyrgyzstan,85,2016,5.185,0.56044,0.95434,0.55449,0.40212,0.04762,0.38432
243,Serbia,86,2016,5.177,1.03437,0.81329,0.6458,0.15718,0.04339,0.20737
244,Bosnia and Herzegovina,87,2016,5.163,0.93383,0.64367,0.70766,0.09511,0,0.29889
245,Montenegro,88,2016,5.161,1.07838,0.74173,0.63533,0.15111,0.12721,0.17191
246,Dominican Republic,89,2016,5.155,1.02787,0.99496,0.57669,0.52259,0.12372,0.21286
247,Morocco,90,2016,5.151,0.84058,0.38595,0.59471,0.25646,0.08404,0.04053
248,Hungary,91,2016,5.145,1.24142,0.93164,0.67608,0.1977,0.04472,0.099
249,Pakistan,92,2016,5.132,0.68816,0.26135,0.40306,0.14622,0.1388,0.31185
250,Lebanon,93,2016,5.129,1.12268,0.64184,0.76171,0.26228,0.03061,0.23693
251,Portugal,94,2016,5.123,1.27607,0.94367,0.79363,0.44727,0.01521,0.11691
252,Macedonia,95,2016,5.121,1.0193,0.78236,0.64738,0.27668,0.07047,0.23507
253,Vietnam,96,2016,5.061,0.74037,0.79117,0.66157,0.55954,0.11556,0.25075
254,Somaliland Region,97,2016,5.057,0.25558,0.75862,0.33108,0.3913,0.36794,0.51479
255,Tunisia,98,2016,5.045,0.97724,0.43165,0.59577,0.23553,0.0817,0.03936
256,Greece,99,2016,5.033,1.24886,0.75473,0.80029,0.05822,0.04127,0
257,Tajikistan,100,2016,4.996,0.48835,0.75602,0.53119,0.43408,0.13509,0.25998
258,Mongolia,101,2016,4.907,0.98853,1.08983,0.55469,0.35972,0.03285,0.34539
259,Laos,102,2016,4.876,0.68042,0.5497,0.38291,0.52168,0.22423,0.43079
260,Nigeria,103,2016,4.875,0.75216,0.64498,0.05108,0.27854,0.0305,0.23219
261,Honduras,104,2016,4.871,0.69429,0.75596,0.58383,0.26755,0.06906,0.2044
262,Iran,105,2016,4.813,1.11758,0.38857,0.64232,0.22544,0.0557,0.38538
263,Zambia,106,2016,4.795,0.61202,0.6376,0.23573,0.42662,0.11479,0.17866
264,Nepal,107,2016,4.793,0.44626,0.69699,0.50073,0.37012,0.07008,0.3816
265,Palestinian Territories,108,2016,4.754,0.67024,0.71629,0.56844,0.17744,0.10613,0.11154
266,Albania,109,2016,4.655,0.9553,0.50163,0.73007,0.31866,0.05301,0.1684
267,Bangladesh,110,2016,4.643,0.54177,0.24749,0.52989,0.39778,0.12583,0.19132
268,Sierra Leone,111,2016,4.635,0.36485,0.628,0,0.30685,0.08196,0.23897
269,Iraq,112,2016,4.575,1.07474,0.59205,0.51076,0.24856,0.13636,0.19589
270,Namibia,113,2016,4.574,0.93287,0.70362,0.34745,0.48614,0.10398,0.07795
271,Cameroon,114,2016,4.513,0.52497,0.62542,0.12698,0.42736,0.06126,0.2268
272,Ethiopia,115,2016,4.508,0.29283,0.37932,0.34578,0.36703,0.1717,0.29522
273,South Africa,116,2016,4.459,1.02416,0.96053,0.18611,0.42483,0.08415,0.13656
274,Sri Lanka,117,2016,4.415,0.97318,0.84783,0.62007,0.50817,0.07964,0.46978
275,India,118,2016,4.404,0.74036,0.29247,0.45091,0.40285,0.08722,0.25028
276,Myanmar,119,2016,4.395,0.34112,0.69981,0.3988,0.42692,0.20243,0.81971
277,Egypt,120,2016,4.362,0.95395,0.49813,0.52116,0.18847,0.10393,0.12706
278,Armenia,121,2016,4.36,0.86086,0.62477,0.64083,0.14037,0.03616,0.07793
279,Kenya,122,2016,4.356,0.52267,0.7624,0.30147,0.40576,0.06686,0.41328
280,Ukraine,123,2016,4.324,0.87287,1.01413,0.58628,0.12859,0.01829,0.20363
281,Ghana,124,2016,4.276,0.63107,0.49353,0.29681,0.40973,0.0326,0.21203
282,Congo (Kinshasa),125,2016,4.272,0.05661,0.80676,0.188,0.15602,0.06075,0.25458
283,Georgia,126,2016,4.252,0.83792,0.19249,0.64035,0.32461,0.3188,0.06786
284,Congo (Brazzaville),127,2016,4.236,0.77109,0.47799,0.28212,0.37938,0.09753,0.12077
285,Senegal,128,2016,4.219,0.44314,0.77416,0.40457,0.31056,0.11681,0.19103
286,Bulgaria,129,2016,4.217,1.11306,0.92542,0.67806,0.21219,0.00615,0.12793
287,Mauritania,130,2016,4.201,0.61391,0.84142,0.28639,0.1268,0.17955,0.22686
288,Zimbabwe,131,2016,4.193,0.35041,0.71478,0.1595,0.25429,0.08582,0.18503
289,Malawi,132,2016,4.156,0.08709,0.147,0.29364,0.4143,0.07564,0.30968
290,Sudan,133,2016,4.139,0.63069,0.81928,0.29759,0,0.10039,0.18077
291,Gabon,134,2016,4.121,1.15851,0.72368,0.3494,0.28098,0.09314,0.06244
292,Mali,135,2016,4.073,0.31292,0.86333,0.16347,0.27544,0.13647,0.21064
293,Haiti,136,2016,4.028,0.34097,0.29561,0.27494,0.12072,0.14476,0.47958
294,Botswana,137,2016,3.974,1.09426,0.89186,0.34752,0.44089,0.10769,0.12425
295,Comoros,138,2016,3.956,0.27509,0.60323,0.29981,0.15412,0.18437,0.1827
296,Ivory Coast,139,2016,3.916,0.55507,0.57576,0.04476,0.40663,0.1553,0.20338
297,Cambodia,140,2016,3.907,0.55604,0.5375,0.42494,0.58852,0.08092,0.40339
298,Angola,141,2016,3.866,0.84731,0.66366,0.04991,0.00589,0.08434,0.12071
299,Niger,142,2016,3.856,0.1327,0.6053,0.26162,0.38041,0.17176,0.2097
300,South Sudan,143,2016,3.832,0.39394,0.18519,0.15781,0.19662,0.13015,0.25899
301,Chad,144,2016,3.763,0.42214,0.63178,0.03824,0.12807,0.04952,0.18667
302,Burkina Faso,145,2016,3.739,0.31995,0.63054,0.21297,0.3337,0.12533,0.24353
303,Uganda,145,2016,3.739,0.34719,0.90981,0.19625,0.43653,0.06442,0.27102
304,Yemen,147,2016,3.724,0.57939,0.47493,0.31048,0.2287,0.05892,0.09821
305,Madagascar,148,2016,3.695,0.27954,0.46115,0.37109,0.13684,0.07506,0.2204
306,Tanzania,149,2016,3.666,0.47155,0.77623,0.357,0.3176,0.05099,0.31472
307,Liberia,150,2016,3.622,0.10706,0.50353,0.23165,0.25748,0.04852,0.24063
308,Guinea,151,2016,3.607,0.22415,0.3109,0.18829,0.30953,0.1192,0.29914
309,Rwanda,152,2016,3.515,0.32846,0.61586,0.31865,0.5432,0.50521,0.23552
310,Benin,153,2016,3.484,0.39499,0.10419,0.21028,0.39747,0.06681,0.2018
311,Afghanistan,154,2016,3.36,0.38227,0.11037,0.17344,0.1643,0.07112,0.31268
312,Togo,155,2016,3.303,0.28123,0,0.24811,0.34678,0.11587,0.17517
313,Syria,156,2016,3.069,0.74719,0.14866,0.62994,0.06912,0.17233,0.48397
314,Burundi,157,2016,2.905,0.06831,0.23442,0.15747,0.0432,0.09419,0.2029
315,Norway,1,2017,7.537000179,1.616463184,1.53352356,0.796666503,0.635422587,0.315963835,0.362012237
316,Denmark,2,2017,7.521999836,1.482383013,1.551121593,0.792565525,0.626006722,0.400770068,0.355280489
317,Iceland,3,2017,7.504000187,1.48063302,1.610574007,0.833552122,0.627162635,0.153526559,0.475540221
318,Switzerland,4,2017,7.493999958,1.564979553,1.516911745,0.858131289,0.620070577,0.367007285,0.290549278
319,Finland,5,2017,7.468999863,1.443571925,1.540246725,0.80915767,0.617950857,0.382611543,0.245482773
320,Netherlands,6,2017,7.376999855,1.503944635,1.428939223,0.810696125,0.585384488,0.282661825,0.47048983
321,Canada,7,2017,7.315999985,1.479204416,1.481348991,0.834557652,0.611100912,0.287371516,0.435539722
322,New Zealand,8,2017,7.31400013,1.405706048,1.548195124,0.816759706,0.61406213,0.382816702,0.500005126
323,Sweden,9,2017,7.28399992,1.494387269,1.478162169,0.830875158,0.612924099,0.384398729,0.385399252
324,Australia,10,2017,7.28399992,1.484414935,1.510041952,0.843886793,0.601607382,0.30118373,0.47769925
325,Israel,11,2017,7.212999821,1.375382423,1.376289964,0.838404,0.405988604,0.0852421,0.330082655
326,Costa Rica,12,2017,7.078999996,1.109706283,1.416403651,0.759509265,0.58013165,0.100106589,0.214613229
327,Austria,13,2017,7.006000042,1.487097263,1.459944963,0.815328419,0.56776619,0.221060365,0.316472322
328,United States,14,2017,6.993000031,1.546259284,1.419920564,0.774286628,0.505740523,0.135638788,0.392578781
329,Ireland,15,2017,6.977000237,1.535706639,1.558231115,0.809782624,0.573110342,0.298388153,0.427858323
330,Germany,16,2017,6.951000214,1.487923384,1.472520351,0.798950732,0.562511384,0.276731938,0.33626917
331,Belgium,17,2017,6.890999794,1.463780761,1.462312698,0.818091869,0.539770722,0.251343131,0.231503338
332,Luxembourg,18,2017,6.862999916,1.741943598,1.457583666,0.845089495,0.596627891,0.318834424,0.283180982
333,United Kingdom,19,2017,6.714000225,1.44163394,1.49646008,0.805335939,0.508190036,0.265428066,0.492774159
334,Chile,20,2017,6.65199995,1.25278461,1.284024954,0.819479704,0.376895279,0.082287982,0.326662421
335,United Arab Emirates,21,2017,6.647999763,1.626343369,1.266410232,0.726798236,0.60834527,0.324489564,0.360941947
336,Brazil,22,2017,6.635000229,1.10735321,1.431306005,0.616552353,0.437453747,0.111092761,0.162349895
337,Czech Republic,23,2017,6.609000206,1.352682352,1.433885217,0.754444003,0.490946174,0.036872927,0.088106759
338,Argentina,24,2017,6.598999977,1.185295463,1.440451145,0.695137084,0.494519204,0.059739888,0.109457061
339,Mexico,25,2017,6.578000069,1.153183818,1.21086216,0.709978998,0.412730008,0.132774115,0.120990433
340,Singapore,26,2017,6.572000027,1.69227767,1.353814363,0.949492395,0.549840569,0.464307785,0.345965981
341,Malta,27,2017,6.52699995,1.343279839,1.488411665,0.821944237,0.588767052,0.153066069,0.574730575
342,Uruguay,28,2017,6.453999996,1.217559695,1.412227869,0.719216824,0.579392254,0.178061873,0.175096929
343,Guatemala,29,2017,6.453999996,0.872001946,1.255585194,0.54023999,0.531310618,0.077223279,0.283488393
344,Panama,30,2017,6.452000141,1.233748436,1.373192549,0.706156135,0.550026834,0.070983924,0.210556939
345,France,31,2017,6.441999912,1.430923462,1.387776852,0.844465852,0.470222116,0.172502428,0.129762307
346,Thailand,32,2017,6.423999786,1.127868772,1.425792456,0.647239029,0.580200732,0.031612735,0.57212311
347,Taiwan Province of China,33,2017,6.421999931,1.433626533,1.384565353,0.793984234,0.361466587,0.063829236,0.258360475
348,Spain,34,2017,6.402999878,1.384397864,1.532090902,0.8889606,0.40878123,0.070914097,0.190133572
349,Qatar,35,2017,6.375,1.870765686,1.27429688,0.710098088,0.604130983,0.439299256,0.33047387
350,Colombia,36,2017,6.356999874,1.070622325,1.402182937,0.595027924,0.477487415,0.046668742,0.149014473
351,Saudi Arabia,37,2017,6.343999863,1.530623555,1.286677599,0.59014833,0.449750572,0.273432255,0.147616014
352,Trinidad and Tobago,38,2017,6.168000221,1.361355901,1.380228519,0.519983292,0.518630743,0.008964816,0.325296462
353,Kuwait,39,2017,6.105000019,1.632952452,1.259698749,0.632105708,0.496337593,0.21515955,0.228289798
354,Slovakia,40,2017,6.09800005,1.325393558,1.505059242,0.712732911,0.295817465,0.024210852,0.136544481
355,Bahrain,41,2017,6.086999893,1.488412261,1.323110461,0.653133035,0.536746919,0.25704217,0.172668487
356,Malaysia,42,2017,6.084000111,1.29121542,1.284646034,0.618784428,0.402264982,0.065600708,0.41660893
357,Nicaragua,43,2017,6.071000099,0.737299204,1.28721571,0.653095961,0.447551847,0.130687982,0.301674217
358,Ecuador,44,2017,6.007999897,1.000820398,1.286168814,0.685636222,0.455198199,0.140134647,0.150112465
359,El Salvador,45,2017,6.002999783,0.909784496,1.182125092,0.596018553,0.43245253,0.08998096,0.078257985
360,Poland,46,2017,5.97300005,1.291787863,1.44571197,0.699475348,0.520342112,0.059307806,0.158465967
361,Uzbekistan,47,2017,5.971000195,0.786441088,1.54896915,0.498272628,0.658248663,0.246528223,0.415983647
362,Italy,48,2017,5.964000225,1.395066619,1.444923282,0.853144348,0.256450713,0.028028091,0.172789648
363,Russia,49,2017,5.962999821,1.281778097,1.469282389,0.547349334,0.373783112,0.032962881,0.052263822
364,Belize,50,2017,5.955999851,0.907975316,1.081417799,0.450191766,0.547509372,0.096581072,0.240015641
365,Japan,51,2017,5.920000076,1.416915178,1.436337829,0.913475871,0.505625546,0.163760737,0.120572768
366,Lithuania,52,2017,5.90199995,1.314582348,1.473516107,0.62894994,0.234231785,0.011865643,0.010164657
367,Algeria,53,2017,5.872000217,1.091864467,1.146217465,0.617584646,0.233335808,0.14609611,0.069436647
368,Latvia,54,2017,5.849999905,1.260748625,1.404714942,0.638566971,0.325707912,0.073842727,0.153074786
369,South Korea,55,2017,5.837999821,1.401678443,1.128274441,0.900214076,0.257921666,0.063282669,0.206674367
370,Moldova,56,2017,5.837999821,0.72887063,1.251825571,0.589465201,0.240729049,0.010091286,0.208779126
371,Romania,57,2017,5.824999809,1.217683911,1.15009129,0.685158312,0.457003742,0.004387901,0.133519918
372,Bolivia,58,2017,5.822999954,0.833756566,1.227619052,0.47363025,0.558732927,0.060477726,0.225560725
373,Turkmenistan,59,2017,5.822000027,1.130776763,1.493149161,0.43772608,0.418271929,0.25927034,0.249924988
374,Kazakhstan,60,2017,5.818999767,1.28455627,1.384369016,0.606041551,0.437454283,0.119282886,0.201964423
375,North Cyprus,61,2017,5.809999943,1.346911311,1.186303377,0.834647238,0.471203625,0.155353352,0.266845703
376,Slovenia,62,2017,5.757999897,1.341205955,1.452518821,0.790828228,0.572575808,0.045128979,0.242649093
377,Peru,63,2017,5.715000153,1.035225272,1.218770385,0.630166113,0.450002879,0.047049087,0.126819715
378,Mauritius,64,2017,5.629000187,1.189395547,1.20956099,0.638007462,0.491247326,0.042181555,0.360933751
379,Cyprus,65,2017,5.620999813,1.355938077,1.131363273,0.844714701,0.355111539,0.041237976,0.271254301
380,Estonia,66,2017,5.611000061,1.32087934,1.4766711,0.695168316,0.47913143,0.183248922,0.098890811
381,Belarus,67,2017,5.568999767,1.15655756,1.444945216,0.637714267,0.295400262,0.156313822,0.155137509
382,Libya,68,2017,5.525000095,1.101803064,1.35756433,0.52016902,0.46573323,0.09261021,0.152073666
383,Turkey,69,2017,5.5,1.198274374,1.337753177,0.637605608,0.3007406,0.09967158,0.046693042
384,Paraguay,70,2017,5.493000031,0.932537317,1.50728488,0.579250693,0.473507792,0.091065913,0.224150658
385,"Hong Kong S.A.R., China",71,2017,5.472000122,1.551674843,1.262790918,0.943062425,0.490968645,0.293933749,0.374465793
386,Philippines,72,2017,5.429999828,0.857699215,1.253917575,0.468009055,0.585214674,0.099331893,0.193513423
387,Serbia,73,2017,5.394999981,1.069317579,1.258189797,0.650784671,0.208715528,0.040903781,0.220125884
388,Jordan,74,2017,5.335999966,0.991012394,1.239088893,0.604590058,0.418421149,0.119803272,0.17217046
389,Hungary,75,2017,5.323999882,1.286011934,1.343133092,0.687763453,0.175863519,0.036636937,0.078401662
390,Jamaica,76,2017,5.31099987,0.925579309,1.368218064,0.641022384,0.474307239,0.055267781,0.233818337
391,Croatia,77,2017,5.293000221,1.222556233,0.967983007,0.701288521,0.255772293,0.04310311,0.248002976
392,Kosovo,78,2017,5.278999805,0.951484382,1.137853503,0.54145205,0.260287941,0.057471618,0.319931448
393,China,79,2017,5.272999763,1.081165791,1.160837412,0.741415501,0.472787708,0.022794275,0.028806841
394,Pakistan,80,2017,5.269000053,0.726883531,0.67269069,0.402047783,0.235215262,0.124348067,0.315446019
395,Indonesia,81,2017,5.262000084,0.995538592,1.274444699,0.492345721,0.443323463,0.015317135,0.611704588
396,Venezuela,82,2017,5.25,1.128431201,1.431337595,0.617144227,0.153997123,0.064491123,0.06501963
397,Montenegro,83,2017,5.236999989,1.121129036,1.238376498,0.667464674,0.194989055,0.088174194,0.197911024
398,Morocco,84,2017,5.235000134,0.878114581,0.774864435,0.597710669,0.408158332,0.087763183,0.032209955
399,Azerbaijan,85,2017,5.234000206,1.153601766,1.152400255,0.540775776,0.398155838,0.180987507,0.04526934
400,Dominican Republic,86,2017,5.230000019,1.079373837,1.402416706,0.574873745,0.552589834,0.113945253,0.18696785
401,Greece,87,2017,5.227000237,1.289487481,1.239414573,0.810198903,0.095731251,0.043289777,0
402,Lebanon,88,2017,5.224999905,1.074987531,1.129624248,0.735081077,0.288515985,0.03751383,0.264450759
403,Portugal,89,2017,5.195000172,1.315175295,1.367043018,0.795843542,0.4984653,0.015869452,0.095102713
404,Bosnia and Herzegovina,90,2017,5.18200016,0.982409418,1.069335938,0.705186307,0.204403177,0,0.328867495
405,Honduras,91,2017,5.181000233,0.730573118,1.143944979,0.58256948,0.34807986,0.073345453,0.236188874
406,Macedonia,92,2017,5.175000191,1.064577937,1.207893014,0.644948184,0.325905979,0.060277794,0.253760964
407,Somalia,93,2017,5.151000023,0.022643184,0.721151352,0.113989137,0.602126956,0.282410324,0.291631311
408,Vietnam,94,2017,5.073999882,0.788547575,1.277491331,0.652168989,0.571055591,0.087633237,0.234968051
409,Nigeria,95,2017,5.073999882,0.783756256,1.215770483,0.05691573,0.394952565,0.026121566,0.230947196
410,Tajikistan,96,2017,5.040999889,0.524713635,1.271463275,0.529235125,0.471566707,0.146377146,0.248997644
411,Bhutan,97,2017,5.011000156,0.885416389,1.340126514,0.495879292,0.501537681,0.17338039,0.474054545
412,Kyrgyzstan,98,2017,5.004000187,0.596220076,1.394238591,0.553457797,0.454943389,0.039439179,0.428580374
413,Nepal,99,2017,4.961999893,0.479820192,1.179283261,0.504130781,0.440305948,0.072975546,0.394096166
414,Mongolia,100,2017,4.954999924,1.027235866,1.493011236,0.557783484,0.394143969,0.032902289,0.33846423
415,South Africa,101,2017,4.828999996,1.054698706,1.384788632,0.18708007,0.479246736,0.072509497,0.13936238
416,Tunisia,102,2017,4.804999828,1.007265806,0.86835146,0.613212049,0.28968069,0.086723149,0.049693357
417,Palestinian Territories,103,2017,4.775000095,0.716249228,1.155647159,0.565666974,0.254711062,0.089282602,0.114173174
418,Egypt,104,2017,4.735000134,0.989701807,0.997471392,0.520187259,0.282110155,0.114381365,0.128631443
419,Bulgaria,105,2017,4.714000225,1.161459088,1.434379458,0.70821768,0.289231718,0.011051531,0.113177694
420,Sierra Leone,106,2017,4.709000111,0.368420929,0.984136045,0.005564754,0.318697691,0.071095176,0.293040901
421,Cameroon,107,2017,4.695000172,0.564305365,0.946018219,0.132892117,0.430388749,0.051306631,0.236298457
422,Iran,108,2017,4.691999912,1.156873107,0.711551249,0.639333189,0.249322608,0.048761073,0.387242913
423,Albania,109,2017,4.644000053,0.996192753,0.803685248,0.731159747,0.381498635,0.039864216,0.201312944
424,Bangladesh,110,2017,4.607999802,0.586682975,0.735131741,0.533241034,0.478356659,0.123717859,0.172255352
425,Namibia,111,2017,4.573999882,0.964434326,1.098470807,0.338611811,0.520303547,0.093146972,0.077133745
426,Kenya,112,2017,4.552999973,0.560479462,1.067950726,0.30998835,0.452763766,0.064641319,0.444860309
427,Mozambique,113,2017,4.550000191,0.23430565,0.870701015,0.106654435,0.480791092,0.179436386,0.322228104
428,Myanmar,114,2017,4.545000076,0.36711055,1.123235941,0.397522569,0.514492035,0.188816205,0.838075161
429,Senegal,115,2017,4.534999847,0.479309022,1.179691911,0.409362853,0.377922267,0.115460448,0.183468893
430,Zambia,116,2017,4.513999939,0.636406779,1.003187299,0.257835895,0.461603492,0.07821355,0.249580145
431,Iraq,117,2017,4.497000217,1.102710485,0.978613198,0.50118047,0.288555533,0.107215755,0.199637264
432,Gabon,118,2017,4.465000153,1.198210239,1.155620217,0.356578588,0.312328577,0.076046787,0.043785378
433,Ethiopia,119,2017,4.460000038,0.339233845,0.864669204,0.353409708,0.408842742,0.165455714,0.31265074
434,Sri Lanka,120,2017,4.440000057,1.009850144,1.259976387,0.625130832,0.561213255,0.073653966,0.490863562
435,Armenia,121,2017,4.375999928,0.900596738,1.007483721,0.637524426,0.198303267,0.026674422,0.083488092
436,India,122,2017,4.315000057,0.792221248,0.754372597,0.455427617,0.469987005,0.092226885,0.231538489
437,Mauritania,123,2017,4.291999817,0.648457289,1.27203083,0.28534928,0.096098043,0.136957005,0.201870024
438,Congo (Brazzaville),124,2017,4.290999889,0.808964252,0.832044363,0.289957434,0.435025871,0.079618134,0.120852128
439,Georgia,125,2017,4.285999775,0.950612664,0.570614934,0.649546981,0.309410036,0.251666635,0.054008815
440,Congo (Kinshasa),126,2017,4.28000021,0.092102349,1.229023457,0.191407025,0.235961348,0.060241356,0.246455833
441,Mali,127,2017,4.190000057,0.476180494,1.281473398,0.169365674,0.306613743,0.104970247,0.183354199
442,Ivory Coast,128,2017,4.179999828,0.603048921,0.90478003,0.04864217,0.447706193,0.130061775,0.20123747
443,Cambodia,129,2017,4.168000221,0.601765096,1.006238341,0.429783404,0.633375823,0.068105951,0.385922968
444,Sudan,130,2017,4.138999939,0.659516692,1.21400857,0.290920824,0.014995855,0.08984752,0.182317451
445,Ghana,131,2017,4.119999886,0.667224824,0.873664737,0.295637727,0.423026294,0.02533637,0.256923944
446,Ukraine,132,2017,4.096000195,0.894651949,1.394537568,0.575903952,0.122974776,0.023029471,0.270061463
447,Uganda,133,2017,4.080999851,0.381430715,1.129827738,0.217632607,0.443185955,0.057069719,0.325766057
448,Burkina Faso,134,2017,4.032000065,0.350227714,1.043280005,0.215844259,0.324367851,0.120328106,0.250864685
449,Niger,135,2017,4.027999878,0.161925331,0.993025005,0.268505007,0.363658696,0.138572946,0.228673846
450,Malawi,136,2017,3.970000029,0.233442038,0.512568831,0.315089583,0.466914654,0.072711654,0.28717047
451,Chad,137,2017,3.936000109,0.438012987,0.953855872,0.041134715,0.162342027,0.053581882,0.21611385
452,Zimbabwe,138,2017,3.875,0.375846535,1.083095908,0.196763754,0.336384207,0.095375381,0.189143494
453,Lesotho,139,2017,3.808000088,0.521021247,1.190095186,0,0.390661299,0.11909464,0.157497272
454,Angola,140,2017,3.795000076,0.85842818,1.10441196,0.049868666,0,0.069720335,0.09792649
455,Afghanistan,141,2017,3.79399991,0.401477218,0.581543326,0.180746779,0.10617952,0.06115783,0.311870933
456,Botswana,142,2017,3.766000032,1.122094154,1.221554995,0.341755509,0.505196333,0.098583199,0.099348448
457,Benin,143,2017,3.657000065,0.431085408,0.435299844,0.209930211,0.425962776,0.060929015,0.207948461
458,Madagascar,144,2017,3.644000053,0.305808693,0.913020372,0.375223309,0.189196765,0.067231975,0.20873253
459,Haiti,145,2017,3.602999926,0.368610263,0.640449822,0.27732113,0.030369857,0.09987215,0.489203781
460,Yemen,146,2017,3.592999935,0.591683447,0.935382247,0.310080916,0.249463722,0.056767423,0.104125209
461,South Sudan,147,2017,3.59100008,0.397248626,0.601323128,0.163486004,0.147062436,0.116793513,0.285670817
462,Liberia,148,2017,3.532999992,0.119041793,0.872117937,0.229918197,0.332881182,0.038948249,0.266549885
463,Guinea,149,2017,3.506999969,0.24454993,0.791244686,0.194129139,0.348587513,0.110937618,0.264815092
464,Togo,150,2017,3.494999886,0.305444717,0.43188253,0.247105569,0.380426139,0.095665015,0.196896151
465,Rwanda,151,2017,3.470999956,0.368745893,0.945707023,0.326424807,0.581843853,0.455220014,0.252756029
466,Syria,152,2017,3.461999893,0.777153134,0.396102607,0.500533342,0.081539445,0.151347131,0.493663728
467,Tanzania,153,2017,3.348999977,0.511135876,1.041989803,0.364509284,0.390017778,0.066035107,0.354256362
468,Burundi,154,2017,2.904999971,0.091622569,0.629793584,0.151610792,0.059900753,0.084147945,0.204435185
469,Central African Republic,155,2017,2.693000078,0,0,0.018772686,0.270842046,0.056565076,0.280876487
470,Finland,1,2018,7.632,1.305,1.592,0.874,0.681,0.393,0.202
471,Norway,2,2018,7.594,1.456,1.582,0.861,0.686,0.34,0.286
472,Denmark,3,2018,7.555,1.351,1.59,0.868,0.683,0.408,0.284
473,Iceland,4,2018,7.495,1.343,1.644,0.914,0.677,0.138,0.353
474,Switzerland,5,2018,7.487,1.42,1.549,0.927,0.66,0.357,0.256
475,Netherlands,6,2018,7.441,1.361,1.488,0.878,0.638,0.295,0.333
476,Canada,7,2018,7.328,1.33,1.532,0.896,0.653,0.291,0.321
477,New Zealand,8,2018,7.324,1.268,1.601,0.876,0.669,0.389,0.365
478,Sweden,9,2018,7.314,1.355,1.501,0.913,0.659,0.383,0.285
479,Australia,10,2018,7.272,1.34,1.573,0.91,0.647,0.302,0.361
480,United Kingdom,11,2018,7.19,1.244,1.433,0.888,0.464,0.082,0.262
481,Austria,12,2018,7.139,1.341,1.504,0.891,0.617,0.224,0.242
482,Costa Rica,13,2018,7.072,1.01,1.459,0.817,0.632,0.101,0.143
483,Ireland,14,2018,6.977,1.448,1.583,0.876,0.614,0.306,0.307
484,Germany,15,2018,6.965,1.34,1.474,0.861,0.586,0.28,0.273
485,Belgium,16,2018,6.927,1.324,1.483,0.894,0.583,0.24,0.188
486,Luxembourg,17,2018,6.91,1.576,1.52,0.896,0.632,0.321,0.196
487,United States,18,2018,6.886,1.398,1.471,0.819,0.547,0.133,0.291
488,Israel,19,2018,6.814,1.301,1.559,0.883,0.533,0.272,0.354
489,United Arab Emirates,20,2018,6.774,2.096,0.776,0.67,0.284,,0.186
490,Czech Republic,21,2018,6.711,1.233,1.489,0.854,0.543,0.034,0.064
491,Malta,22,2018,6.627,1.27,1.525,0.884,0.645,0.142,0.376
492,France,23,2018,6.489,1.293,1.466,0.908,0.52,0.176,0.098
493,Mexico,24,2018,6.488,1.038,1.252,0.761,0.479,0.095,0.069
494,Chile,25,2018,6.476,1.131,1.331,0.808,0.431,0.061,0.197
495,Taiwan,26,2018,6.441,1.365,1.436,0.857,0.418,0.078,0.151
496,Panama,27,2018,6.43,1.112,1.438,0.759,0.597,0.063,0.125
497,Brazil,28,2018,6.419,0.986,1.474,0.675,0.493,0.088,0.11
498,Argentina,29,2018,6.388,1.073,1.468,0.744,0.57,0.054,0.062
499,Guatemala,30,2018,6.382,0.781,1.268,0.608,0.604,0.071,0.179
500,Uruguay,31,2018,6.379,1.093,1.459,0.771,0.625,0.155,0.13
501,Qatar,32,2018,6.374,1.649,1.303,0.748,0.654,0.171,0.256
502,Saudi Arabia,33,2018,6.371,1.379,1.331,0.633,0.509,0.127,0.098
503,Singapore,34,2018,6.343,1.529,1.451,1.008,0.631,0.457,0.261
504,Malaysia,35,2018,6.322,1.161,1.258,0.669,0.356,0.059,0.311
505,Spain,36,2018,6.31,1.251,1.538,0.965,0.449,0.074,0.142
506,Colombia,37,2018,6.26,0.96,1.439,0.635,0.531,0.039,0.099
507,Trinidad & Tobago,38,2018,6.192,1.223,1.492,0.564,0.575,0.019,0.171
508,Slovakia,39,2018,6.173,1.21,1.537,0.776,0.354,0.014,0.118
509,El Salvador,40,2018,6.167,0.806,1.231,0.639,0.461,0.082,0.065
510,Nicaragua,41,2018,6.141,0.668,1.319,0.7,0.527,0.128,0.208
511,Poland,42,2018,6.123,1.176,1.448,0.781,0.546,0.064,0.108
512,Bahrain,43,2018,6.105,1.338,1.366,0.698,0.594,0.123,0.243
513,Uzbekistan,44,2018,6.096,0.719,1.584,0.605,0.724,0.259,0.328
514,Kuwait,45,2018,6.083,1.474,1.301,0.675,0.554,0.106,0.167
515,Thailand,46,2018,6.072,1.016,1.417,0.707,0.637,0.029,0.364
516,Italy,47,2018,6,1.264,1.501,0.946,0.281,0.028,0.137
517,Ecuador,48,2018,5.973,0.889,1.33,0.736,0.556,0.12,0.114
518,Belize,49,2018,5.956,0.807,1.101,0.474,0.593,0.089,0.183
519,Lithuania,50,2018,5.952,1.197,1.527,0.716,0.35,0.006,0.026
520,Slovenia,51,2018,5.948,1.219,1.506,0.856,0.633,0.051,0.16
521,Romania,52,2018,5.945,1.116,1.219,0.726,0.528,0.001,0.088
522,Latvia,53,2018,5.933,1.148,1.454,0.671,0.363,0.066,0.092
523,Japan,54,2018,5.915,1.294,1.462,0.988,0.553,0.15,0.079
524,Mauritius,55,2018,5.891,1.09,1.387,0.684,0.584,0.05,0.245
525,Jamaica,56,2018,5.89,0.819,1.493,0.693,0.575,0.031,0.096
526,South Korea,57,2018,5.875,1.266,1.204,0.955,0.244,0.051,0.175
527,Northern Cyprus,58,2018,5.835,1.229,1.211,0.909,0.495,0.154,0.179
528,Russia,59,2018,5.81,1.151,1.479,0.599,0.399,0.025,0.065
529,Kazakhstan,60,2018,5.79,1.143,1.516,0.631,0.454,0.121,0.148
530,Cyprus,61,2018,5.762,1.229,1.191,0.909,0.423,0.035,0.202
531,Bolivia,62,2018,5.752,0.751,1.223,0.508,0.606,0.054,0.141
532,Estonia,63,2018,5.739,1.2,1.532,0.737,0.553,0.174,0.086
533,Paraguay,64,2018,5.681,0.835,1.522,0.615,0.541,0.074,0.162
534,Peru,65,2018,5.663,0.934,1.249,0.674,0.53,0.034,0.092
535,Kosovo,66,2018,5.662,0.855,1.23,0.578,0.448,0.023,0.274
536,Moldova,67,2018,5.64,0.657,1.301,0.62,0.232,0,0.171
537,Turkmenistan,68,2018,5.636,1.016,1.533,0.517,0.417,0.037,0.199
538,Hungary,69,2018,5.62,1.171,1.401,0.732,0.259,0.022,0.061
539,Libya,70,2018,5.566,0.985,1.35,0.553,0.496,0.148,0.116
540,Philippines,71,2018,5.524,0.775,1.312,0.513,0.643,0.105,0.12
541,Honduras,72,2018,5.504,0.62,1.205,0.622,0.459,0.074,0.197
542,Belarus,73,2018,5.483,1.039,1.498,0.7,0.307,0.154,0.101
543,Turkey,74,2018,5.483,1.148,1.38,0.686,0.324,0.109,0.106
544,Pakistan,75,2018,5.472,0.652,0.81,0.424,0.334,0.113,0.216
545,Hong Kong,76,2018,5.43,1.405,1.29,1.03,0.524,0.291,0.246
546,Portugal,77,2018,5.41,1.188,1.429,0.884,0.562,0.017,0.055
547,Serbia,78,2018,5.398,0.975,1.369,0.685,0.288,0.043,0.134
548,Greece,79,2018,5.358,1.154,1.202,0.879,0.131,0.044,0
549,Lebanon,80,2018,5.358,0.965,1.179,0.785,0.503,0.136,0.214
550,Montenegro,81,2018,5.347,1.017,1.279,0.729,0.259,0.081,0.111
551,Croatia,82,2018,5.321,1.115,1.161,0.737,0.38,0.039,0.12
552,Dominican Republic,83,2018,5.302,0.982,1.441,0.614,0.578,0.106,0.12
553,Algeria,84,2018,5.295,0.979,1.154,0.687,0.077,0.135,0.055
554,Morocco,85,2018,5.254,0.779,0.797,0.669,0.46,0.074,0.026
555,China,86,2018,5.246,0.989,1.142,0.799,0.597,0.103,0.029
556,Azerbaijan,87,2018,5.201,1.024,1.161,0.603,0.43,0.176,0.031
557,Tajikistan,88,2018,5.199,0.474,1.166,0.598,0.292,0.034,0.187
558,Macedonia,89,2018,5.185,0.959,1.239,0.691,0.394,0.052,0.173
559,Jordan,90,2018,5.161,0.822,1.265,0.645,0.468,0.134,0.13
560,Nigeria,91,2018,5.155,0.689,1.172,0.048,0.462,0.032,0.201
561,Kyrgyzstan,92,2018,5.131,0.53,1.416,0.594,0.54,0.035,0.281
562,Bosnia and Herzegovina,93,2018,5.129,0.915,1.078,0.758,0.28,0,0.216
563,Mongolia,94,2018,5.125,0.914,1.517,0.575,0.395,0.032,0.253
564,Vietnam,95,2018,5.103,0.715,1.365,0.702,0.618,0.079,0.177
565,Indonesia,96,2018,5.093,0.899,1.215,0.522,0.538,0.018,0.484
566,Bhutan,97,2018,5.082,0.796,1.335,0.527,0.541,0.171,0.364
567,Somalia,98,2018,4.982,0,0.712,0.115,0.674,0.282,0.238
568,Cameroon,99,2018,4.975,0.535,0.891,0.182,0.454,0.043,0.183
569,Bulgaria,100,2018,4.933,1.054,1.515,0.712,0.359,0.009,0.064
570,Nepal,101,2018,4.88,0.425,1.228,0.539,0.526,0.078,0.302
571,Venezuela,102,2018,4.806,0.996,1.469,0.657,0.133,0.052,0.056
572,Gabon,103,2018,4.758,1.036,1.164,0.404,0.356,0.052,0.032
573,Palestinian Territories,104,2018,4.743,0.642,1.217,0.602,0.266,0.076,0.086
574,South Africa,105,2018,4.724,0.94,1.41,0.33,0.516,0.056,0.103
575,Iran,106,2018,4.707,1.059,0.771,0.691,0.459,0.129,0.282
576,Ivory Coast,107,2018,4.671,0.541,0.872,0.08,0.467,0.103,0.146
577,Ghana,108,2018,4.657,0.592,0.896,0.337,0.499,0.029,0.212
578,Senegal,109,2018,4.631,0.429,1.117,0.433,0.406,0.082,0.138
579,Laos,110,2018,4.623,0.72,1.034,0.441,0.626,0.174,0.23
580,Tunisia,111,2018,4.592,0.9,0.906,0.69,0.271,0.063,0.04
581,Albania,112,2018,4.586,0.916,0.817,0.79,0.419,0.032,0.149
582,Sierra Leone,113,2018,4.571,0.256,0.813,0,0.355,0.053,0.238
583,Congo (Brazzaville),114,2018,4.559,0.682,0.811,0.343,0.514,0.077,0.091
584,Bangladesh,115,2018,4.5,0.532,0.85,0.579,0.58,0.144,0.153
585,Sri Lanka,116,2018,4.471,0.918,1.314,0.672,0.585,0.05,0.307
586,Iraq,117,2018,4.456,1.01,0.971,0.536,0.304,0.095,0.148
587,Mali,118,2018,4.447,0.37,1.233,0.152,0.367,0.056,0.139
588,Namibia,119,2018,4.441,0.874,1.281,0.365,0.519,0.064,0.051
589,Cambodia,120,2018,4.433,0.549,1.088,0.457,0.696,0.065,0.256
590,Burkina Faso,121,2018,4.424,0.314,1.097,0.254,0.312,0.128,0.175
591,Egypt,122,2018,4.419,0.885,1.025,0.553,0.312,0.107,0.092
592,Mozambique,123,2018,4.417,0.198,0.902,0.173,0.531,0.158,0.206
593,Kenya,124,2018,4.41,0.493,1.048,0.454,0.504,0.055,0.352
594,Zambia,125,2018,4.377,0.562,1.047,0.295,0.503,0.082,0.221
595,Mauritania,126,2018,4.356,0.557,1.245,0.292,0.129,0.093,0.134
596,Ethiopia,127,2018,4.35,0.308,0.95,0.391,0.452,0.146,0.22
597,Georgia,128,2018,4.34,0.853,0.592,0.643,0.375,0.215,0.038
598,Armenia,129,2018,4.321,0.816,0.99,0.666,0.26,0.028,0.077
599,Myanmar,130,2018,4.308,0.682,1.174,0.429,0.58,0.178,0.598
600,Chad,131,2018,4.301,0.358,0.907,0.053,0.189,0.06,0.181
601,Congo (Kinshasa),132,2018,4.245,0.069,1.136,0.204,0.312,0.052,0.197
602,India,133,2018,4.19,0.721,0.747,0.485,0.539,0.093,0.172
603,Niger,134,2018,4.166,0.131,0.867,0.221,0.39,0.099,0.175
604,Uganda,135,2018,4.161,0.322,1.09,0.237,0.45,0.061,0.259
605,Benin,136,2018,4.141,0.378,0.372,0.24,0.44,0.067,0.163
606,Sudan,137,2018,4.139,0.605,1.24,0.312,0.016,0.082,0.134
607,Ukraine,138,2018,4.103,0.793,1.413,0.609,0.163,0.011,0.187
608,Togo,139,2018,3.999,0.259,0.474,0.253,0.434,0.101,0.158
609,Guinea,140,2018,3.964,0.344,0.792,0.211,0.394,0.094,0.185
610,Lesotho,141,2018,3.808,0.472,1.215,0.079,0.423,0.112,0.116
611,Angola,142,2018,3.795,0.73,1.125,0.269,0,0.061,0.079
612,Madagascar,143,2018,3.774,0.262,0.908,0.402,0.221,0.049,0.155
613,Zimbabwe,144,2018,3.692,0.357,1.094,0.248,0.406,0.099,0.132
614,Afghanistan,145,2018,3.632,0.332,0.537,0.255,0.085,0.036,0.191
615,Botswana,146,2018,3.59,1.017,1.174,0.417,0.557,0.092,0.042
616,Malawi,147,2018,3.587,0.186,0.541,0.306,0.531,0.08,0.21
617,Haiti,148,2018,3.582,0.315,0.714,0.289,0.025,0.104,0.392
618,Liberia,149,2018,3.495,0.076,0.858,0.267,0.419,0.03,0.206
619,Syria,150,2018,3.462,0.689,0.382,0.539,0.088,0.144,0.376
620,Rwanda,151,2018,3.408,0.332,0.896,0.4,0.636,0.444,0.2
621,Yemen,152,2018,3.355,0.442,1.073,0.343,0.244,0.064,0.083
622,Tanzania,153,2018,3.303,0.455,0.991,0.381,0.481,0.097,0.27
623,South Sudan,154,2018,3.254,0.337,0.608,0.177,0.112,0.106,0.224
624,Central African Republic,155,2018,3.083,0.024,0,0.01,0.305,0.038,0.218
625,Burundi,156,2018,2.905,0.091,0.627,0.145,0.065,0.076,0.149
626,Finland,1,2019,7.769,1.34,1.587,0.986,0.596,0.393,0.153
627,Denmark,2,2019,7.6,1.383,1.573,0.996,0.592,0.41,0.252
628,Norway,3,2019,7.554,1.488,1.582,1.028,0.603,0.341,0.271
629,Iceland,4,2019,7.494,1.38,1.624,1.026,0.591,0.118,0.354
630,Netherlands,5,2019,7.488,1.396,1.522,0.999,0.557,0.298,0.322
631,Switzerland,6,2019,7.48,1.452,1.526,1.052,0.572,0.343,0.263
632,Sweden,7,2019,7.343,1.387,1.487,1.009,0.574,0.373,0.267
633,New Zealand,8,2019,7.307,1.303,1.557,1.026,0.585,0.38,0.33
634,Canada,9,2019,7.278,1.365,1.505,1.039,0.584,0.308,0.285
635,Austria,10,2019,7.246,1.376,1.475,1.016,0.532,0.226,0.244
636,Australia,11,2019,7.228,1.372,1.548,1.036,0.557,0.29,0.332
637,Costa Rica,12,2019,7.167,1.034,1.441,0.963,0.558,0.093,0.144
638,Israel,13,2019,7.139,1.276,1.455,1.029,0.371,0.082,0.261
639,Luxembourg,14,2019,7.09,1.609,1.479,1.012,0.526,0.316,0.194
640,United Kingdom,15,2019,7.054,1.333,1.538,0.996,0.45,0.278,0.348
641,Ireland,16,2019,7.021,1.499,1.553,0.999,0.516,0.31,0.298
642,Germany,17,2019,6.985,1.373,1.454,0.987,0.495,0.265,0.261
643,Belgium,18,2019,6.923,1.356,1.504,0.986,0.473,0.21,0.16
644,United States,19,2019,6.892,1.433,1.457,0.874,0.454,0.128,0.28
645,Czech Republic,20,2019,6.852,1.269,1.487,0.92,0.457,0.036,0.046
646,United Arab Emirates,21,2019,6.825,1.503,1.31,0.825,0.598,0.182,0.262
647,Malta,22,2019,6.726,1.3,1.52,0.999,0.564,0.151,0.375
648,Mexico,23,2019,6.595,1.07,1.323,0.861,0.433,0.073,0.074
649,France,24,2019,6.592,1.324,1.472,1.045,0.436,0.183,0.111
650,Taiwan,25,2019,6.446,1.368,1.43,0.914,0.351,0.097,0.242
651,Chile,26,2019,6.444,1.159,1.369,0.92,0.357,0.056,0.187
652,Guatemala,27,2019,6.436,0.8,1.269,0.746,0.535,0.078,0.175
653,Saudi Arabia,28,2019,6.375,1.403,1.357,0.795,0.439,0.132,0.08
654,Qatar,29,2019,6.374,1.684,1.313,0.871,0.555,0.167,0.22
655,Spain,30,2019,6.354,1.286,1.484,1.062,0.362,0.079,0.153
656,Panama,31,2019,6.321,1.149,1.442,0.91,0.516,0.054,0.109
657,Brazil,32,2019,6.3,1.004,1.439,0.802,0.39,0.086,0.099
658,Uruguay,33,2019,6.293,1.124,1.465,0.891,0.523,0.15,0.127
659,Singapore,34,2019,6.262,1.572,1.463,1.141,0.556,0.453,0.271
660,El Salvador,35,2019,6.253,0.794,1.242,0.789,0.43,0.074,0.093
661,Italy,36,2019,6.223,1.294,1.488,1.039,0.231,0.03,0.158
662,Bahrain,37,2019,6.199,1.362,1.368,0.871,0.536,0.11,0.255
663,Slovakia,38,2019,6.198,1.246,1.504,0.881,0.334,0.014,0.121
664,Trinidad & Tobago,39,2019,6.192,1.231,1.477,0.713,0.489,0.016,0.185
665,Poland,40,2019,6.182,1.206,1.438,0.884,0.483,0.05,0.117
666,Uzbekistan,41,2019,6.174,0.745,1.529,0.756,0.631,0.24,0.322
667,Lithuania,42,2019,6.149,1.238,1.515,0.818,0.291,0.042,0.043
668,Colombia,43,2019,6.125,0.985,1.41,0.841,0.47,0.034,0.099
669,Slovenia,44,2019,6.118,1.258,1.523,0.953,0.564,0.057,0.144
670,Nicaragua,45,2019,6.105,0.694,1.325,0.835,0.435,0.127,0.2
671,Kosovo,46,2019,6.1,0.882,1.232,0.758,0.489,0.006,0.262
672,Argentina,47,2019,6.086,1.092,1.432,0.881,0.471,0.05,0.066
673,Romania,48,2019,6.07,1.162,1.232,0.825,0.462,0.005,0.083
674,Cyprus,49,2019,6.046,1.263,1.223,1.042,0.406,0.041,0.19
675,Ecuador,50,2019,6.028,0.912,1.312,0.868,0.498,0.087,0.126
676,Kuwait,51,2019,6.021,1.5,1.319,0.808,0.493,0.097,0.142
677,Thailand,52,2019,6.008,1.05,1.409,0.828,0.557,0.028,0.359
678,Latvia,53,2019,5.94,1.187,1.465,0.812,0.264,0.064,0.075
679,South Korea,54,2019,5.895,1.301,1.219,1.036,0.159,0.056,0.175
680,Estonia,55,2019,5.893,1.237,1.528,0.874,0.495,0.161,0.103
681,Jamaica,56,2019,5.89,0.831,1.478,0.831,0.49,0.028,0.107
682,Mauritius,57,2019,5.888,1.12,1.402,0.798,0.498,0.06,0.215
683,Japan,58,2019,5.886,1.327,1.419,1.088,0.445,0.14,0.069
684,Honduras,59,2019,5.86,0.642,1.236,0.828,0.507,0.078,0.246
685,Kazakhstan,60,2019,5.809,1.173,1.508,0.729,0.41,0.096,0.146
686,Bolivia,61,2019,5.779,0.776,1.209,0.706,0.511,0.064,0.137
687,Hungary,62,2019,5.758,1.201,1.41,0.828,0.199,0.02,0.081
688,Paraguay,63,2019,5.743,0.855,1.475,0.777,0.514,0.08,0.184
689,Northern Cyprus,64,2019,5.718,1.263,1.252,1.042,0.417,0.162,0.191
690,Peru,65,2019,5.697,0.96,1.274,0.854,0.455,0.027,0.083
691,Portugal,66,2019,5.693,1.221,1.431,0.999,0.508,0.025,0.047
692,Pakistan,67,2019,5.653,0.677,0.886,0.535,0.313,0.098,0.22
693,Russia,68,2019,5.648,1.183,1.452,0.726,0.334,0.031,0.082
694,Philippines,69,2019,5.631,0.807,1.293,0.657,0.558,0.107,0.117
695,Serbia,70,2019,5.603,1.004,1.383,0.854,0.282,0.039,0.137
696,Moldova,71,2019,5.529,0.685,1.328,0.739,0.245,0,0.181
697,Libya,72,2019,5.525,1.044,1.303,0.673,0.416,0.152,0.133
698,Montenegro,73,2019,5.523,1.051,1.361,0.871,0.197,0.08,0.142
699,Tajikistan,74,2019,5.467,0.493,1.098,0.718,0.389,0.144,0.23
700,Croatia,75,2019,5.432,1.155,1.266,0.914,0.296,0.022,0.119
701,Hong Kong,76,2019,5.43,1.438,1.277,1.122,0.44,0.287,0.258
702,Dominican Republic,77,2019,5.425,1.015,1.401,0.779,0.497,0.101,0.113
703,Bosnia and Herzegovina,78,2019,5.386,0.945,1.212,0.845,0.212,0.006,0.263
704,Turkey,79,2019,5.373,1.183,1.36,0.808,0.195,0.106,0.083
705,Malaysia,80,2019,5.339,1.221,1.171,0.828,0.508,0.024,0.26
706,Belarus,81,2019,5.323,1.067,1.465,0.789,0.235,0.142,0.094
707,Greece,82,2019,5.287,1.181,1.156,0.999,0.067,0.034,0
708,Mongolia,83,2019,5.285,0.948,1.531,0.667,0.317,0.038,0.235
709,North Macedonia,84,2019,5.274,0.983,1.294,0.838,0.345,0.034,0.185
710,Nigeria,85,2019,5.265,0.696,1.111,0.245,0.426,0.041,0.215
711,Kyrgyzstan,86,2019,5.261,0.551,1.438,0.723,0.508,0.023,0.3
712,Turkmenistan,87,2019,5.247,1.052,1.538,0.657,0.394,0.028,0.244
713,Algeria,88,2019,5.211,1.002,1.16,0.785,0.086,0.114,0.073
714,Morocco,89,2019,5.208,0.801,0.782,0.782,0.418,0.076,0.036
715,Azerbaijan,90,2019,5.208,1.043,1.147,0.769,0.351,0.182,0.035
716,Lebanon,91,2019,5.197,0.987,1.224,0.815,0.216,0.027,0.166
717,Indonesia,92,2019,5.192,0.931,1.203,0.66,0.491,0.028,0.498
718,China,93,2019,5.191,1.029,1.125,0.893,0.521,0.1,0.058
719,Vietnam,94,2019,5.175,0.741,1.346,0.851,0.543,0.073,0.147
720,Bhutan,95,2019,5.082,0.813,1.321,0.604,0.457,0.167,0.37
721,Cameroon,96,2019,5.044,0.549,0.91,0.331,0.381,0.037,0.187
722,Bulgaria,97,2019,5.011,1.092,1.513,0.815,0.311,0.004,0.081
723,Ghana,98,2019,4.996,0.611,0.868,0.486,0.381,0.04,0.245
724,Ivory Coast,99,2019,4.944,0.569,0.808,0.232,0.352,0.09,0.154
725,Nepal,100,2019,4.913,0.446,1.226,0.677,0.439,0.089,0.285
726,Jordan,101,2019,4.906,0.837,1.225,0.815,0.383,0.13,0.11
727,Benin,102,2019,4.883,0.393,0.437,0.397,0.349,0.082,0.175
728,Congo (Brazzaville),103,2019,4.812,0.673,0.799,0.508,0.372,0.093,0.105
729,Gabon,104,2019,4.799,1.057,1.183,0.571,0.295,0.055,0.043
730,Laos,105,2019,4.796,0.764,1.03,0.551,0.547,0.164,0.266
731,South Africa,106,2019,4.722,0.96,1.351,0.469,0.389,0.055,0.13
732,Albania,107,2019,4.719,0.947,0.848,0.874,0.383,0.027,0.178
733,Venezuela,108,2019,4.707,0.96,1.427,0.805,0.154,0.047,0.064
734,Cambodia,109,2019,4.7,0.574,1.122,0.637,0.609,0.062,0.232
735,Palestinian Territories,110,2019,4.696,0.657,1.247,0.672,0.225,0.066,0.103
736,Senegal,111,2019,4.681,0.45,1.134,0.571,0.292,0.072,0.153
737,Somalia,112,2019,4.668,0,0.698,0.268,0.559,0.27,0.243
738,Namibia,113,2019,4.639,0.879,1.313,0.477,0.401,0.056,0.07
739,Niger,114,2019,4.628,0.138,0.774,0.366,0.318,0.102,0.188
740,Burkina Faso,115,2019,4.587,0.331,1.056,0.38,0.255,0.113,0.177
741,Armenia,116,2019,4.559,0.85,1.055,0.815,0.283,0.064,0.095
742,Iran,117,2019,4.548,1.1,0.842,0.785,0.305,0.125,0.27
743,Guinea,118,2019,4.534,0.38,0.829,0.375,0.332,0.086,0.207
744,Georgia,119,2019,4.519,0.886,0.666,0.752,0.346,0.164,0.043
745,Gambia,120,2019,4.516,0.308,0.939,0.428,0.382,0.167,0.269
746,Kenya,121,2019,4.509,0.512,0.983,0.581,0.431,0.053,0.372
747,Mauritania,122,2019,4.49,0.57,1.167,0.489,0.066,0.088,0.106
748,Mozambique,123,2019,4.466,0.204,0.986,0.39,0.494,0.138,0.197
749,Tunisia,124,2019,4.461,0.921,1,0.815,0.167,0.055,0.059
750,Bangladesh,125,2019,4.456,0.562,0.928,0.723,0.527,0.143,0.166
751,Iraq,126,2019,4.437,1.043,0.98,0.574,0.241,0.089,0.148
752,Congo (Kinshasa),127,2019,4.418,0.094,1.125,0.357,0.269,0.053,0.212
753,Mali,128,2019,4.39,0.385,1.105,0.308,0.327,0.052,0.153
754,Sierra Leone,129,2019,4.374,0.268,0.841,0.242,0.309,0.045,0.252
755,Sri Lanka,130,2019,4.366,0.949,1.265,0.831,0.47,0.047,0.244
756,Myanmar,131,2019,4.36,0.71,1.181,0.555,0.525,0.172,0.566
757,Chad,132,2019,4.35,0.35,0.766,0.192,0.174,0.078,0.198
758,Ukraine,133,2019,4.332,0.82,1.39,0.739,0.178,0.01,0.187
759,Ethiopia,134,2019,4.286,0.336,1.033,0.532,0.344,0.1,0.209
760,Swaziland,135,2019,4.212,0.811,1.149,0,0.313,0.135,0.074
761,Uganda,136,2019,4.189,0.332,1.069,0.443,0.356,0.06,0.252
762,Egypt,137,2019,4.166,0.913,1.039,0.644,0.241,0.067,0.076
763,Zambia,138,2019,4.107,0.578,1.058,0.426,0.431,0.087,0.247
764,Togo,139,2019,4.085,0.275,0.572,0.41,0.293,0.085,0.177
765,India,140,2019,4.015,0.755,0.765,0.588,0.498,0.085,0.2
766,Liberia,141,2019,3.975,0.073,0.922,0.443,0.37,0.033,0.233
767,Comoros,142,2019,3.973,0.274,0.757,0.505,0.142,0.078,0.275
768,Madagascar,143,2019,3.933,0.274,0.916,0.555,0.148,0.041,0.169
769,Lesotho,144,2019,3.802,0.489,1.169,0.168,0.359,0.093,0.107
770,Burundi,145,2019,3.775,0.046,0.447,0.38,0.22,0.18,0.176
771,Zimbabwe,146,2019,3.663,0.366,1.114,0.433,0.361,0.089,0.151
772,Haiti,147,2019,3.597,0.323,0.688,0.449,0.026,0.11,0.419
773,Botswana,148,2019,3.488,1.041,1.145,0.538,0.455,0.1,0.025
774,Syria,149,2019,3.462,0.619,0.378,0.44,0.013,0.141,0.331
775,Malawi,150,2019,3.41,0.191,0.56,0.495,0.443,0.089,0.218
776,Yemen,151,2019,3.38,0.287,1.163,0.463,0.143,0.077,0.108
777,Rwanda,152,2019,3.334,0.359,0.711,0.614,0.555,0.411,0.217
778,Tanzania,153,2019,3.231,0.476,0.885,0.499,0.417,0.147,0.276
779,Afghanistan,154,2019,3.203,0.35,0.517,0.361,0,0.025,0.158
780,Central African Republic,155,2019,3.083,0.026,0,0.105,0.225,0.035,0.235
781,South Sudan,156,2019,2.853,0.306,0.575,0.295,0.01,0.091,0.202
782,Finland,1,2020,7.808700085,10.63926697,0.954329729,71.9008255,0.949172199,0.195444584,-0.059482019
783,Denmark,2,2020,7.645599842,10.77400112,0.955990791,72.40250397,0.951444268,0.168489456,0.066201776
784,Switzerland,3,2020,7.559899807,10.97993279,0.942846596,74.10244751,0.921336651,0.303728431,0.105911039
785,Iceland,4,2020,7.504499912,10.77255917,0.974669576,73,0.948891878,0.711709738,0.246944219
786,Norway,5,2020,7.487999916,11.08780384,0.952486575,73.20078278,0.955750287,0.263218194,0.13453263
787,Netherlands,6,2020,7.448900223,10.81271172,0.93913883,72.30091858,0.908547819,0.364717126,0.20761244
788,Sweden,7,2020,7.353499889,10.75879383,0.926311195,72.60076904,0.939144194,0.250880182,0.111614622
789,New Zealand,8,2020,7.299600124,10.50094318,0.949118972,73.20262909,0.936217487,0.22113885,0.191598073
790,Austria,9,2020,7.294199944,10.7428236,0.928045869,73.00250244,0.899989486,0.499954879,0.085429221
791,Luxembourg,10,2020,7.237500191,11.45068073,0.906912208,72.59999847,0.90563643,0.367084295,-0.004620588
792,Canada,11,2020,7.23210001,10.69236851,0.927176654,73.60160065,0.933913231,0.390843362,0.124770768
793,Australia,12,2020,7.222799778,10.72059631,0.944854617,73.60453796,0.915431738,0.41516912,0.19046016
794,United Kingdom,13,2020,7.164500237,10.60013485,0.93668282,72.30160522,0.834743679,0.435915917,0.263732493
795,Israel,14,2020,7.128600121,10.41752529,0.913571239,73.20025635,0.747580588,0.78085506,0.10259372
796,Costa Rica,15,2020,7.121399879,9.658156395,0.901545942,71.29985046,0.934738934,0.786332428,-0.10242971
797,Ireland,16,2020,7.093699932,11.16097832,0.942081571,72.30078888,0.886982977,0.357184172,0.145784974
798,Germany,17,2020,7.075799942,10.7328186,0.898874462,72.20201874,0.867371082,0.456422031,0.080179386
799,United States,18,2020,6.939599991,10.92576885,0.914219022,68.29949951,0.842619538,0.699715316,0.149891734
800,Czech Republic,19,2020,6.910900116,10.40416336,0.914430678,70.04793549,0.818537354,0.85844624,-0.230861515
801,Belgium,20,2020,6.863500118,10.6736393,0.911632538,72.00164795,0.813582063,0.612297952,-0.078691199
802,United Arab Emirates,21,2020,6.790800095,11.1099987,0.849181116,67.08278656,0.941345513,0.594502211,0.123450845
803,Malta,22,2020,6.772799969,10.53383827,0.93037951,72.19999695,0.924911439,0.658547282,0.214965805
804,France,23,2020,6.663799763,10.58422279,0.937103748,73.80193329,0.825467646,0.583521128,-0.130641967
805,Mexico,24,2020,6.465000153,9.797797203,0.838665426,68.29902649,0.858709276,0.806821585,-0.175266623
806,Taiwan Province of China,25,2020,6.45539999,10.77568531,0.894309103,69.59999847,0.77153033,0.73188293,-0.073198698
807,Uruguay,26,2020,6.440100193,9.948192596,0.92281127,69.00254822,0.892395437,0.635994136,-0.101103112
808,Saudi Arabia,27,2020,6.406499863,10.79781246,0.874067068,66.30514526,0.854191244,0.682619512,-0.168695062
809,Spain,28,2020,6.400899887,10.46292686,0.921125412,74.40270996,0.751989543,0.765859902,-0.050961714
810,Guatemala,29,2020,6.398900032,8.924805641,0.816621482,64.8089447,0.908147573,0.783237457,-0.042938665
811,Italy,30,2020,6.38740015,10.48183632,0.889878571,73.60168457,0.66465199,0.873404682,-0.043460999
812,Singapore,31,2020,6.377099991,11.39552116,0.910268962,76.80458069,0.926645339,0.109784193,0.029879224
813,Brazil,32,2020,6.375599861,9.56643486,0.896723807,66.48016357,0.799804807,0.770601273,-0.101812392
814,Slovenia,33,2020,6.363399982,10.39232254,0.939575672,71.1029892,0.936142623,0.817071021,-0.080603383
815,El Salvador,34,2020,6.34829998,8.909075737,0.806092262,66.10826111,0.833805263,0.754319906,-0.121072978
816,Kosovo,35,2020,6.325200081,9.204429626,0.820726514,63.88555527,0.861535907,0.922328293,0.190933764
817,Panama,36,2020,6.304800034,10.03423405,0.902094483,69.60301208,0.880366504,0.851588905,-0.153927714
818,Slovakia,37,2020,6.280600071,10.34774971,0.922493756,68.90634155,0.749952674,0.918096125,-0.124409303
819,Uzbekistan,38,2020,6.257599831,8.740371704,0.926595807,65.10757446,0.974998116,0.501497388,0.248427153
820,Chile,39,2020,6.228499889,10.0320549,0.879713595,69.90061951,0.744896293,0.838239431,-0.065668367
821,Bahrain,40,2020,6.227300167,10.67638016,0.876342118,68.5,0.905855775,0.7393471,0.13372919
822,Lithuania,41,2020,6.215499878,10.34362602,0.926107109,67.29407501,0.747381449,0.809583843,-0.219725296
823,Trinidad and Tobago,42,2020,6.191899776,10.26000214,0.91529417,63.5,0.857907116,0.912230611,0.000526841
824,Poland,43,2020,6.186299801,10.26512432,0.874257445,69.31113434,0.862055779,0.686927021,-0.205084071
825,Colombia,44,2020,6.163400173,9.500369072,0.884440243,67.69958496,0.836179912,0.86457181,-0.161235645
826,Cyprus,45,2020,6.15899992,10.40570259,0.805996239,73.70222473,0.779858291,0.856271744,0.043731496
827,Nicaragua,46,2020,6.13710022,8.493160248,0.857497036,67.50717926,0.863902867,0.665950119,0.020959141
828,Romania,47,2020,6.123700142,10.107584,0.825161517,67.20723724,0.842823207,0.934300244,-0.19781521
829,Kuwait,48,2020,6.102099895,11.08982468,0.846475244,66.76764679,0.872366488,0.760849059,-0.100184701
830,Mauritius,49,2020,6.101299763,9.956786156,0.910357833,66.40434265,0.889534533,0.805343091,-0.018318573
831,Kazakhstan,50,2020,6.057899952,10.11465836,0.934744895,64.60996246,0.811601937,0.764490843,-0.068488635
832,Estonia,51,2020,6.021800041,10.34001732,0.934729993,68.60495758,0.87770915,0.623073816,-0.111697771
833,Philippines,52,2020,6.006000042,8.993545532,0.846730053,61.92676163,0.915463448,0.733634114,-0.105463006
834,Hungary,53,2020,6.000400066,10.24924374,0.921934128,67.60997009,0.718964577,0.892916501,-0.194323018
835,Thailand,54,2020,5.998799801,9.741791725,0.889973223,67.25059509,0.905063033,0.886272311,0.268685192
836,Argentina,55,2020,5.974699974,9.810955048,0.900567949,68.80380249,0.831132412,0.842009842,-0.194913864
837,Honduras,56,2020,5.953199863,8.424534798,0.821870148,67.19876862,0.870603263,0.801131904,0.086969115
838,Latvia,57,2020,5.949999809,10.17531967,0.918288589,66.8074646,0.671237648,0.795580089,-0.186888844
839,Ecuador,58,2020,5.925199986,9.246058464,0.836418986,68.50003815,0.859828949,0.801215112,-0.127014965
840,Portugal,59,2020,5.910900116,10.26374245,0.886590719,72.40202332,0.888747811,0.892629504,-0.220714301
841,Jamaica,60,2020,5.889800072,9.006250381,0.915701866,67.09999847,0.858068526,0.888890028,-0.125106767
842,South Korea,61,2020,5.872399807,10.51056671,0.799387157,73.6027298,0.612965107,0.789067447,-0.043404032
843,Japan,62,2020,5.870800018,10.57968903,0.883545935,75.00096893,0.809961379,0.654558063,-0.246910349
844,Peru,63,2020,5.796800137,9.456313133,0.831075251,68.10023499,0.824766099,0.893714964,-0.16238822
845,Serbia,64,2020,5.77820015,9.680980682,0.881475747,68.21020508,0.726495862,0.843509018,-0.073676221
846,Bolivia,65,2020,5.747499943,8.851115227,0.803108692,63.6004715,0.875873327,0.822606206,-0.09168113
847,Pakistan,66,2020,5.69329977,8.482727051,0.689062297,58.25313568,0.734833717,0.745705426,0.04489987
848,Paraguay,67,2020,5.692100048,9.389982224,0.898727894,65.63993835,0.885923445,0.834788501,0.007997713
849,Dominican Republic,68,2020,5.689199924,9.664880753,0.882085383,65.80748749,0.866202772,0.755999923,-0.131263286
850,Bosnia and Herzegovina,69,2020,5.674099922,9.455817223,0.829204142,67.80813599,0.651352704,0.933769107,0.098274559
851,Moldova,70,2020,5.607500076,8.776714325,0.843313575,65.01301575,0.721609175,0.913314283,-0.037741039
852,Tajikistan,71,2020,5.555699825,8.024810791,0.835297108,64.10459137,0.831383407,0.592076063,-0.025088511
853,Montenegro,72,2020,5.54610014,9.751860619,0.855314612,68.50534821,0.649565637,0.783121586,-0.075600356
854,Russia,73,2020,5.546000004,10.12887192,0.903150737,64.10045624,0.729892612,0.864802599,-0.151153743
855,Kyrgyzstan,74,2020,5.541500092,8.148405075,0.887228489,64.10601044,0.909374893,0.888396084,0.154772058
856,Belarus,75,2020,5.539899826,9.779945374,0.90674746,66.10433197,0.639163077,0.63571167,-0.164926544
857,North Cyprus,76,2020,5.53550005,10.40570259,0.820356607,73.70222473,0.79529351,0.62611568,0.000227159
858,Greece,77,2020,5.514999866,10.13232613,0.814380348,72.40525818,0.541345119,0.859931409,-0.300907373
859,Hong Kong S.A.R. of China,78,2020,5.510399818,10.9346714,0.845969081,76.77170563,0.779833794,0.420607209,0.134979904
860,Croatia,79,2020,5.504700184,10.07087517,0.874623716,70.21490479,0.714838803,0.916495264,-0.128538325
861,Libya,80,2020,5.488800049,9.789815903,0.825942934,62.29999924,0.773157001,0.668779135,-0.085054487
862,Mongolia,81,2020,5.456200123,9.412186623,0.937142491,62.30448532,0.693351328,0.863511205,0.098093867
863,Malaysia,82,2020,5.384300232,10.26251888,0.816509426,67.10215759,0.894626856,0.839302301,0.114726797
864,Vietnam,83,2020,5.353499889,8.809545517,0.849987149,67.9527359,0.939592957,0.79642123,-0.094533332
865,Indonesia,84,2020,5.285600185,9.36975193,0.808379889,62.15584946,0.870614409,0.876296401,0.519586504
866,Ivory Coast,85,2020,5.233300209,8.225561142,0.658048689,49.50377274,0.727909327,0.790771961,-0.043991156
867,Benin,86,2020,5.21600008,7.674319744,0.468671143,54.31246567,0.735182583,0.740532577,-0.003537213
868,Maldives,87,2020,5.197599888,9.518632889,0.91316092,70.59999847,0.853962779,0.824211061,0.038085498
869,Congo (Brazzaville),88,2020,5.194399834,8.536987305,0.640228093,57.92448044,0.719058514,0.751779079,-0.123674095
870,Azerbaijan,89,2020,5.164800167,9.687726974,0.819308281,65.50839996,0.786824107,0.55253756,-0.240255281
871,Macedonia,90,2020,5.159800053,9.510591507,0.820392311,67.50442505,0.738840938,0.897490501,-0.019877451
872,Ghana,91,2020,5.147999763,8.350645065,0.728601098,57.20398712,0.794796526,0.847964764,0.094170853
873,Nepal,92,2020,5.137199879,7.925357342,0.785512447,63.77917862,0.797565043,0.738099158,0.154168829
874,Turkey,93,2020,5.131800175,10.12941933,0.826313555,66.90281677,0.608830452,0.748197377,-0.171046436
875,China,94,2020,5.123899937,9.688568115,0.798760593,69.2891922,0.898517907,0.7539711,-0.18142575
876,Turkmenistan,95,2020,5.119100094,9.74803257,0.958966196,62.21170807,0.826457024,0.883691847,0.187671542
877,Bulgaria,96,2020,5.101500034,9.869318962,0.937840343,66.80397797,0.745178163,0.935585141,-0.143908441
878,Morocco,97,2020,5.094799995,8.940313339,0.592628479,65.89624023,0.772072434,0.815724611,-0.240377247
879,Cameroon,98,2020,5.084899902,8.118647575,0.700386405,52.7049408,0.763051808,0.851336598,-0.00149645
880,Venezuela,99,2020,5.053199768,8.977793694,0.890408158,66.50534058,0.62327832,0.837038398,-0.169090509
881,Algeria,100,2020,5.005099773,9.537964821,0.803385139,65.90517426,0.466610909,0.735485137,-0.121105164
882,Senegal,101,2020,4.980800152,8.118982315,0.723616004,59.59915161,0.690596163,0.808785141,-0.052335154
883,Guinea,102,2020,4.949299812,7.750990391,0.637573481,54.46780014,0.706846774,0.761794448,0.076328471
884,Niger,103,2020,4.909599781,6.842166901,0.617435038,53.50009537,0.759772122,0.722530186,0.013860817
885,Laos,104,2020,4.888599873,8.79858017,0.737502217,58.70992279,0.907213569,0.634679317,0.11137148
886,Albania,105,2020,4.882699966,9.417930603,0.671070457,68.70813751,0.781994224,0.896303713,-0.042309489
887,Cambodia,106,2020,4.848400116,8.249890327,0.773080647,61.52996826,0.959704638,0.822769046,0.051911179
888,Bangladesh,107,2020,4.832799911,8.287063599,0.687292993,64.50306702,0.90062499,0.661843538,-0.033664726
889,Gabon,108,2020,4.829299927,9.680537224,0.787886858,59.71533966,0.704829216,0.849150956,-0.222261623
890,South Africa,109,2020,4.814099789,9.403370857,0.852532268,56.50601196,0.759330094,0.843423843,-0.109777324
891,Iraq,110,2020,4.784800053,9.661095619,0.747694969,59.90354919,0.633182645,0.82226181,-0.06956476
892,Lebanon,111,2020,4.771500111,9.3617239,0.824338138,67.10658264,0.551357508,0.90225625,-0.06121527
893,Burkina Faso,112,2020,4.768700123,7.46854496,0.712943614,53.88945389,0.665563583,0.739795029,-0.019080516
894,Gambia,113,2020,4.750599861,7.321814537,0.6931687,55.0120163,0.733163178,0.690717816,0.343198717
895,Mali,114,2020,4.729300022,7.629852295,0.731468976,51.72698212,0.71156615,0.839328408,-0.044366926
896,Nigeria,115,2020,4.724100113,8.57662487,0.73721689,49.86190796,0.759578407,0.861874342,0.033745807
897,Armenia,116,2020,4.676799774,9.100476265,0.757479429,66.75065613,0.712017834,0.773544788,-0.13877961
898,Georgia,117,2020,4.672599792,9.226100922,0.629033029,64.49520874,0.801641524,0.665944695,-0.22892037
899,Iran,118,2020,4.672399998,9.813719749,0.694689691,66.00614929,0.647873282,0.714635968,0.117891103
900,Jordan,119,2020,4.633399963,9.025999069,0.80216372,66.79975128,0.75104779,0.700344324,-0.162565202
901,Mozambique,120,2020,4.623600006,7.069345951,0.723874032,54.20582199,0.864451885,0.683019102,0.032375868
902,Kenya,121,2020,4.583000183,8.02977562,0.702652037,60.09693146,0.829747558,0.831499159,0.294681519
903,Namibia,122,2020,4.571100235,9.203141212,0.846880972,56.50148773,0.767520964,0.851449788,-0.18530646
904,Ukraine,123,2020,4.56069994,9.010690689,0.878879368,64.60678101,0.663081884,0.920636714,-0.030933706
905,Liberia,124,2020,4.557899952,7.054380417,0.70928055,56.09631348,0.735268712,0.856375933,0.04227322
906,Palestinian Territories,125,2020,4.552800179,8.389223099,0.825295925,62.25,0.645791829,0.824199975,-0.162079096
907,Uganda,126,2020,4.43200016,7.500389576,0.764994621,55.70820236,0.731713951,0.836737812,0.099487431
908,Chad,127,2020,4.422699928,7.467963696,0.632388055,48.22053909,0.587305248,0.802760839,0.017834719
909,Tunisia,128,2020,4.392199993,9.314972878,0.688718557,66.89785767,0.593361557,0.867590249,-0.216413811
910,Mauritania,129,2020,4.374599934,8.233919144,0.790819228,57.01017761,0.551522553,0.746223509,-0.106008142
911,Sri Lanka,130,2020,4.327000141,9.389969826,0.825374067,67.20006561,0.837633669,0.859001756,0.081129618
912,Congo (Kinshasa),131,2020,4.31099987,6.694256306,0.672159016,52.90000153,0.700793564,0.809403598,0.083637655
913,Swaziland,132,2020,4.308100224,9.16267395,0.770290196,51.18823624,0.646822274,0.708263338,-0.19920142
914,Myanmar,133,2020,4.308000088,8.680481911,0.78440702,58.96171188,0.895075202,0.645124316,0.560663998
915,Comoros,134,2020,4.288599968,7.833630085,0.625662446,57.34901047,0.547612607,0.780622602,0.090008408
916,Togo,135,2020,4.187200069,7.357711315,0.551312625,54.71989822,0.649828613,0.757733464,0.002667875
917,Ethiopia,136,2020,4.186200142,7.509385586,0.743307352,58.63959122,0.740795195,0.753690004,0.043377332
918,Madagascar,137,2020,4.165599823,7.281685829,0.668195903,59.10542679,0.557574093,0.817485631,-0.011823639
919,Egypt,138,2020,4.151400089,9.316541672,0.735447824,61.78015137,0.708354175,0.787726879,-0.196878314
920,Sierra Leone,139,2020,3.926399946,7.26880312,0.636142015,50.86514282,0.715315044,0.861330688,0.088660747
921,Burundi,140,2020,3.775300026,6.492642403,0.490325719,53.40000153,0.626350224,0.606934547,-0.017551597
922,Zambia,141,2020,3.759399891,8.224720001,0.698824465,55.29937744,0.806500256,0.801289678,0.078037128
923,Haiti,142,2020,3.720799923,7.411329269,0.593247831,55.59862518,0.537825167,0.684767246,0.40053457
924,Lesotho,143,2020,3.652800083,7.960488319,0.780495703,48.00362396,0.738125861,0.857392073,-0.145732045
925,India,144,2020,3.573299885,8.849823952,0.592200935,60.21518707,0.881444871,0.772042692,0.057551607
926,Malawi,145,2020,3.538000107,7.062226295,0.544007301,57.59288788,0.803223193,0.731700778,0.021433279
927,Yemen,146,2020,3.527400017,7.759682655,0.817980587,56.72728348,0.599920273,0.800287724,-0.157735437
928,Botswana,147,2020,3.478899956,9.711203575,0.779121757,58.92445374,0.821328104,0.777930915,-0.250394493
929,Tanzania,148,2020,3.476200104,7.967665195,0.688933194,57.49607468,0.82153976,0.619799435,0.109668687
930,Central African Republic,149,2020,3.475899935,6.625160217,0.319459856,45.20000076,0.640880644,0.891806662,0.082410358
931,Rwanda,150,2020,3.312299967,7.600104332,0.54083544,61.09884644,0.900589406,0.183541179,0.055483952
932,Zimbabwe,151,2020,3.299200058,7.865711689,0.763092756,55.61725998,0.711457908,0.81023699,-0.072063953
933,South Sudan,152,2020,2.816600084,7.425359726,0.553707123,51,0.451313615,0.763417304,0.016518548
934,Afghanistan,153,2020,2.566900015,7.462860584,0.470366955,52.59000015,0.396573007,0.933686554,-0.0964294
